Timestamp,I_dir [W/m2],I_glo[W/m2],I_dif[W/m2],Iglo_inc[W/m2],Indice_UV[W/m2],Indice_UVA[W/m2],AirTC[Â°C],HR[%],WS[m/s],WD[grados],PB[mbar],Rain[mm]
2024-08-30 23:10:00,0.01,0.0,0.0,0.0,0.0,0.0,22.29,93.6,1.54,331.2,865.12,0.0
2024-08-30 23:20:00,0.06,0.0,0.0,0.0,0.0,0.0,22.42,92.0,1.46,330.4,865.21,0.0
2024-08-30 23:30:00,0.02,0.0,0.0,0.0,0.0,0.0,22.53,91.6,0.85,326.6,865.15,0.0
2024-08-30 23:40:00,0.03,0.0,0.0,0.0,0.0,0.0,22.56,91.3,1.01,339.8,865.13,0.0
2024-08-30 23:50:00,0.02,0.0,0.0,0.0,0.0,0.0,22.49,92.7,0.56,347.2,865.29,0.0
2024-08-31 00:00:00,0.01,0.0,0.0,0.0,0.0,0.0,22.35,94.0,1.28,338.3,865.28,0.0
2024-08-31 00:10:00,0.01,0.0,0.0,0.0,0.0,0.0,22.12,92.7,1.36,325.9,865.33,0.0
2024-08-31 00:20:00,0.06,0.0,0.0,0.0,0.0,0.0,22.36,92.0,0.36,337.4,865.26,0.0
2024-08-31 00:30:00,0.01,0.0,0.0,0.0,0.0,0.0,22.36,93.6,0.89,266.1,864.94,0.0
2024-08-31 00:40:00,0.05,0.0,0.0,0.0,0.0,0.0,22.38,90.9,2.21,306.6,864.77,0.0
2024-08-31 00:50:00,0.05,0.0,0.0,0.0,0.0,0.0,22.37,91.6,0.88,329.0,864.68,0.0
2024-08-31 01:00:00,0.09,0.0,0.0,0.0,0.0,0.0,22.43,90.5,1.45,210.7,864.88,0.0
2024-08-31 01:10:00,0.01,0.0,0.0,0.0,0.0,0.0,22.41,91.7,3.31,164.2,865.06,0.0
2024-08-31 01:20:00,0.0,0.72,0.0,0.0,0.0,0.0,21.18,91.2,5.75,182.2,864.95,0.0
2024-08-31 01:30:00,0.0,0.02,0.0,0.0,0.0,0.0,20.35,92.9,5.31,180.0,864.93,0.0
2024-08-31 01:40:00,0.03,0.0,0.0,0.0,0.0,0.0,20.17,93.7,1.9,2.62,864.79,0.0
2024-08-31 01:50:00,0.04,1.22,0.0,0.08,0.0,0.0,20.16,96.1,1.47,132.6,865.45,0.8
2024-08-31 02:00:00,0.01,1.96,0.0,0.0,0.0,0.0,18.77,100.0,0.66,63.7,865.63,3.3
2024-08-31 02:10:00,0.18,0.02,0.01,0.03,0.0,0.0,18.63,100.0,0.76,312.0,865.71,3.4
2024-08-31 02:20:00,0.02,0.22,0.0,0.0,0.0,0.0,18.41,100.0,1.54,25.14,865.94,5.0
2024-08-31 02:30:00,0.04,0.13,0.02,0.0,0.0,0.01,18.26,100.0,1.14,116.6,866.17,4.8
2024-08-31 02:40:00,0.04,0.0,0.04,0.01,0.0,0.01,18.45,100.0,0.99,74.31,866.52,1.3
2024-08-31 02:50:00,0.0,0.03,0.0,0.0,0.0,0.02,18.41,100.0,1.68,34.06,866.37,4.3
2024-08-31 03:00:00,0.02,0.04,0.01,0.0,0.0,0.01,18.34,100.0,1.39,10.5,866.53,2.8
2024-08-31 03:10:00,0.04,0.0,0.04,0.01,0.0,0.01,18.53,100.0,0.69,304.3,866.8,0.6
2024-08-31 03:20:00,0.0,0.01,0.0,0.0,0.0,0.02,18.54,100.0,1.58,344.2,866.65,0.8
2024-08-31 03:30:00,0.0,0.0,0.0,0.0,0.0,0.02,18.67,100.0,1.06,27.52,866.68,0.5
2024-08-31 03:40:00,0.0,0.01,0.0,0.0,0.0,0.03,18.78,100.0,1.52,310.4,866.73,0.2
2024-08-31 03:50:00,0.0,0.02,0.0,0.0,0.0,0.04,18.72,100.0,1.79,338.9,866.75,0.7
2024-08-31 04:00:00,0.0,0.01,0.0,0.0,0.0,0.05,18.68,100.0,1.83,328.7,866.54,1.0
2024-08-31 04:10:00,0.0,0.01,0.0,0.0,0.0,0.05,18.61,100.0,2.25,308.4,866.37,0.7
2024-08-31 04:20:00,0.0,0.02,0.0,0.0,0.0,0.04,18.58,100.0,1.08,344.6,866.27,0.7
2024-08-31 04:30:00,0.0,0.0,0.0,0.0,0.0,0.01,18.68,100.0,0.45,146.7,866.33,0.7
2024-08-31 04:40:00,0.0,0.0,0.01,0.0,0.0,0.03,18.71,100.0,0.39,164.4,866.36,0.7
2024-08-31 04:50:00,0.0,0.0,0.0,0.0,0.0,0.04,18.81,100.0,0.0,104.9,866.32,0.4
2024-08-31 05:00:00,0.0,0.0,0.0,0.0,0.0,0.04,18.9,100.0,0.0,55.14,866.42,0.4
2024-08-31 05:10:00,0.0,0.0,0.0,0.0,0.0,0.03,18.94,100.0,0.0,52.83,866.49,0.6
2024-08-31 05:20:00,0.0,0.0,0.0,0.0,0.0,0.04,18.94,100.0,0.0,52.88,866.49,0.5
2024-08-31 05:30:00,0.0,0.02,0.0,0.0,0.0,0.03,18.93,100.0,0.18,335.0,866.42,0.6
2024-08-31 05:40:00,0.0,0.16,0.0,0.0,0.0,0.03,18.7,100.0,0.65,299.8,866.3,1.0
2024-08-31 05:50:00,0.0,0.03,0.0,0.0,0.0,0.03,18.59,100.0,0.02,294.5,866.02,0.3
2024-08-31 06:00:00,0.0,0.0,0.0,0.0,0.0,0.04,18.59,100.0,0.74,264.0,865.68,0.2
2024-08-31 06:10:00,0.0,0.04,0.0,0.02,0.0,0.04,18.57,100.0,1.95,242.9,865.39,0.0
2024-08-31 06:20:00,0.0,0.15,0.27,0.09,0.0,0.05,18.52,100.0,1.0,172.6,865.26,0.0
2024-08-31 06:30:00,0.0,1.46,1.47,1.28,0.0,0.13,18.53,100.0,0.0,161.8,865.37,0.1
2024-08-31 06:40:00,0.0,7.01,6.3,6.76,0.0,0.37,18.54,100.0,1.32,159.9,865.38,0.0
2024-08-31 06:50:00,0.0,22.35,19.06,21.68,0.0,0.84,18.56,100.0,1.09,183.8,865.49,0.0
2024-08-31 07:00:00,8.73,37.17,30.12,36.93,0.0,1.62,18.6,100.0,0.76,156.8,865.55,0.0
2024-08-31 07:10:00,19.38,63.39,49.59,60.44,0.0,2.47,18.69,100.0,0.87,138.2,865.86,0.0
2024-08-31 07:20:00,0.89,62.29,52.26,60.16,0.0,3.47,18.81,100.0,0.07,231.5,866.03,0.0
2024-08-31 07:30:00,11.25,97.9,78.15,96.1,0.01,5.6,18.66,100.0,1.29,218.0,865.99,0.0
2024-08-31 07:40:00,14.95,148.9,118.1,144.2,0.01,8.8,18.77,100.0,0.21,320.5,866.37,0.0
2024-08-31 07:50:00,96.2,223.7,146.6,219.6,0.01,12.58,19.07,100.0,0.07,329.3,866.42,0.0
2024-08-31 08:00:00,233.1,299.7,147.9,292.2,0.02,16.09,19.61,100.0,0.0,12.01,866.39,0.0
2024-08-31 08:10:00,172.8,288.5,155.9,279.7,0.02,17.21,20.44,100.0,0.0,309.8,866.48,0.0
2024-08-31 08:20:00,378.1,442.2,189.7,434.4,0.03,22.49,21.21,100.0,0.0,43.37,866.67,0.0
2024-08-31 08:30:00,414.4,452.4,188.3,445.4,0.04,24.82,22.19,100.0,0.12,153.1,866.82,0.0
2024-08-31 08:40:00,621.9,490.6,134.9,483.3,0.04,27.6,22.41,100.0,1.43,149.3,866.76,0.0
2024-08-31 08:50:00,525.2,439.3,125.4,435.0,0.05,26.96,22.71,98.4,1.29,162.0,866.86,0.0
2024-08-31 09:00:00,385.8,475.7,195.7,474.3,0.05,28.59,22.43,99.2,1.53,124.7,866.98,0.0
2024-08-31 09:10:00,197.1,444.7,240.5,434.5,0.06,29.31,22.39,98.6,1.35,149.3,866.97,0.0
2024-08-31 09:20:00,646.4,641.2,177.9,623.8,0.08,37.12,22.9,94.9,1.42,142.4,867.09,0.0
2024-08-31 09:30:00,819.0,779.4,185.4,776.9,0.09,43.36,22.94,91.0,0.99,120.8,867.14,0.0
2024-08-31 09:40:00,174.5,363.0,178.7,349.3,0.07,28.65,22.82,89.7,1.22,131.8,867.1,0.0
2024-08-31 09:50:00,242.9,484.3,220.1,485.1,0.08,34.94,22.6,89.6,0.6,94.1,867.06,0.0
2024-08-31 10:00:00,655.4,762.1,192.7,768.5,0.12,47.16,22.67,86.7,1.26,91.7,867.08,0.0
2024-08-31 10:10:00,644.6,660.0,109.6,664.1,0.12,44.17,22.77,84.1,1.22,129.0,867.06,0.0
2024-08-31 10:20:00,869.0,827.0,90.7,832.0,0.14,52.25,23.16,84.8,0.61,44.51,866.87,0.0
2024-08-31 10:30:00,864.0,839.0,85.7,840.0,0.15,53.59,23.75,85.3,1.08,146.2,866.7,0.0
2024-08-31 10:40:00,873.0,867.0,87.0,869.0,0.16,55.84,23.83,80.7,0.9,126.8,866.73,0.0
2024-08-31 10:50:00,885.0,895.0,83.3,894.0,0.17,58.02,24.0,79.71,1.34,71.73,866.67,0.0
2024-08-31 11:00:00,884.0,914.0,85.1,914.0,0.18,59.54,23.95,81.0,0.88,83.9,866.46,0.0
2024-08-31 11:10:00,887.0,940.0,88.9,936.0,0.19,61.23,24.18,79.62,1.92,104.0,866.22,0.0
2024-08-31 11:20:00,898.0,965.0,87.1,962.0,0.2,62.8,24.18,76.93,2.29,115.3,865.99,0.0
2024-08-31 11:30:00,898.0,979.0,86.4,975.0,0.2,63.99,24.37,78.55,1.97,89.0,865.8,0.0
2024-08-31 11:40:00,898.0,999.0,85.8,991.0,0.21,65.5,24.63,77.39,2.34,206.1,865.65,0.0
2024-08-31 11:50:00,908.0,1007.0,85.2,997.0,0.21,66.26,24.41,75.02,2.54,194.4,865.39,0.0
2024-08-31 12:00:00,916.0,1023.0,83.9,1012.0,0.22,67.32,24.19,74.7,2.36,98.4,865.19,0.0
2024-08-31 12:10:00,915.0,1027.0,83.3,1014.0,0.22,67.84,24.54,72.43,2.31,149.1,864.97,0.0
2024-08-31 12:20:00,925.0,1040.0,83.7,1024.0,0.23,68.58,24.95,70.55,1.59,139.9,864.91,0.0
2024-08-31 12:30:00,919.0,1042.0,85.1,1024.0,0.23,68.66,25.08,75.57,2.07,203.4,864.72,0.0
2024-08-31 12:40:00,914.0,1042.0,86.7,1022.0,0.23,68.64,25.06,73.47,2.38,216.8,864.57,0.0
2024-08-31 12:50:00,919.0,1046.0,85.9,1026.0,0.23,68.48,24.74,70.7,2.49,166.5,864.35,0.0
2024-08-31 13:00:00,921.0,1047.0,87.4,1026.0,0.23,68.67,24.84,69.76,2.3,297.6,864.18,0.0
2024-08-31 13:10:00,919.0,1045.0,92.0,1024.0,0.23,68.47,24.99,67.62,2.16,137.6,863.91,0.0
2024-08-31 13:20:00,899.0,1026.0,99.5,1002.0,0.22,67.04,25.69,69.21,0.98,187.0,863.78,0.0
2024-08-31 13:30:00,891.0,1023.0,106.1,994.0,0.21,66.63,25.98,67.43,2.27,177.4,863.62,0.0
2024-08-31 13:40:00,880.0,1013.0,111.7,983.0,0.21,65.48,25.9,70.59,3.18,175.8,863.42,0.0
2024-08-31 13:50:00,868.0,997.0,119.9,967.0,0.2,64.57,25.92,65.35,1.75,179.5,863.27,0.0
2024-08-31 14:00:00,842.0,974.0,125.5,941.0,0.19,62.3,25.77,67.71,3.04,179.9,863.08,0.0
2024-08-31 14:10:00,844.0,957.0,122.9,926.0,0.18,60.98,25.92,67.2,2.57,214.5,862.68,0.0
2024-08-31 14:20:00,840.0,941.0,122.2,910.0,0.18,59.69,25.8,68.17,2.63,206.8,862.43,0.0
2024-08-31 14:30:00,828.0,917.0,123.7,884.0,0.17,57.7,26.09,64.2,2.78,138.8,862.17,0.0
2024-08-31 14:40:00,820.0,890.0,123.0,858.0,0.16,55.73,26.5,68.82,2.21,198.4,861.88,0.0
2024-08-31 14:50:00,817.0,873.0,125.1,837.0,0.15,54.21,26.61,67.66,2.26,171.9,861.61,0.0
2024-08-31 15:00:00,804.0,848.0,127.7,810.0,0.14,51.91,26.25,70.59,2.83,206.3,861.35,0.0
2024-08-31 15:10:00,774.8,807.0,132.1,769.9,0.13,48.8,26.33,64.74,1.89,235.2,861.03,0.0
2024-08-31 15:20:00,763.4,781.3,133.1,740.1,0.12,46.84,26.55,64.62,2.57,207.1,860.69,0.0
2024-08-31 15:30:00,749.4,750.7,132.9,707.9,0.11,44.46,26.27,66.92,2.08,270.7,860.39,0.0
2024-08-31 15:40:00,733.8,714.6,130.4,672.4,0.1,41.85,26.38,66.65,2.9,215.2,860.0,0.0
2024-08-31 15:50:00,723.1,683.8,130.5,640.5,0.09,39.82,26.63,62.24,2.19,172.6,859.88,0.0
2024-08-31 16:00:00,714.7,649.0,126.8,603.9,0.08,37.08,27.29,63.5,1.89,244.0,859.68,0.0
2024-08-31 16:10:00,705.8,616.3,125.1,569.4,0.07,34.78,27.33,63.27,1.89,227.9,859.38,0.0
2024-08-31 16:20:00,654.4,567.8,130.5,519.0,0.06,31.77,27.37,63.97,2.12,216.0,859.14,0.0
2024-08-31 16:30:00,601.2,520.6,135.1,473.3,0.05,28.14,26.77,65.06,2.36,216.4,858.93,0.0
2024-08-31 16:40:00,539.7,465.7,134.4,420.2,0.04,24.85,26.69,66.5,2.34,221.8,858.91,0.0
2024-08-31 16:50:00,496.3,416.4,127.5,374.1,0.03,21.94,26.78,65.87,2.2,163.7,858.93,0.0
2024-08-31 17:00:00,507.5,389.5,117.7,345.9,0.03,19.79,26.82,68.12,1.95,249.9,858.92,0.0
2024-08-31 17:10:00,434.3,332.4,111.8,291.2,0.02,16.82,26.95,70.32,1.61,202.2,859.07,0.0
2024-08-31 17:20:00,362.9,267.8,98.5,230.3,0.02,13.89,26.8,71.02,1.0,300.4,859.2,0.0
2024-08-31 17:30:00,291.8,210.6,86.7,179.1,0.01,11.83,26.87,71.56,0.76,206.7,859.11,0.0
2024-08-31 17:40:00,302.4,193.9,78.69,162.2,0.01,10.2,26.53,71.93,1.68,202.2,859.3,0.0
2024-08-31 17:50:00,283.0,162.1,68.18,134.3,0.01,8.46,26.27,73.07,1.61,209.2,859.46,0.0
2024-08-31 18:00:00,214.7,124.6,60.42,102.7,0.01,6.71,25.94,73.26,1.62,229.9,859.59,0.0
2024-08-31 18:10:00,122.4,90.3,53.64,75.83,0.0,5.0,25.8,71.18,1.94,162.0,859.75,0.0
2024-08-31 18:20:00,76.52,62.1,40.51,54.57,0.0,3.43,25.55,74.18,1.69,245.4,859.85,0.0
2024-08-31 18:30:00,0.16,26.06,21.48,24.18,0.0,2.21,25.25,74.06,1.5,197.1,859.96,0.0
2024-08-31 18:40:00,0.0,7.61,6.13,6.24,0.0,1.26,25.01,75.9,1.5,244.8,860.09,0.0
2024-08-31 18:50:00,0.0,1.29,0.83,0.75,0.0,0.44,24.7,82.2,0.15,236.5,860.37,0.0
2024-08-31 19:00:00,0.0,0.0,0.0,0.0,0.0,0.09,24.41,78.49,0.19,155.7,860.6,0.0
2024-08-31 19:10:00,0.0,0.0,0.0,0.0,0.0,0.01,24.35,83.0,0.02,68.79,860.69,0.0
2024-08-31 19:20:00,0.0,0.0,0.0,0.0,0.0,0.0,24.35,84.1,0.11,323.1,860.79,0.0
2024-08-31 19:30:00,0.0,0.0,0.0,0.0,0.0,0.0,24.13,83.4,0.0,328.7,860.76,0.0
2024-08-31 19:40:00,0.01,0.0,0.0,0.0,0.0,0.0,24.06,88.3,0.0,162.2,861.03,0.0
2024-08-31 19:50:00,0.04,0.0,0.0,0.0,0.0,0.0,24.07,88.3,0.1,4.89,861.49,0.0
2024-08-31 20:00:00,0.01,0.0,0.0,0.0,0.0,0.0,24.16,85.8,0.21,85.2,861.66,0.0
2024-08-31 20:10:00,0.07,0.0,0.0,0.0,0.0,0.0,24.19,83.7,0.52,74.82,861.77,0.0
2024-08-31 20:20:00,0.02,0.0,0.0,0.0,0.0,0.0,24.26,83.1,0.33,67.01,861.98,0.0
2024-08-31 20:30:00,0.04,0.0,0.0,0.0,0.0,0.0,24.29,80.9,0.99,82.1,862.16,0.0
2024-08-31 20:40:00,0.0,0.0,0.0,0.0,0.0,0.0,23.99,80.4,1.63,18.24,862.44,0.0
2024-08-31 20:50:00,0.03,0.0,0.0,0.0,0.0,0.0,23.67,79.67,2.11,45.49,862.67,0.0
2024-08-31 21:00:00,0.0,0.0,0.0,0.0,0.0,0.0,23.07,84.8,1.72,61.07,862.73,0.1
2024-08-31 21:10:00,0.0,0.26,0.0,0.0,0.0,0.0,21.97,91.9,1.04,324.5,862.68,0.4
2024-08-31 21:20:00,0.22,0.9,0.0,1.37,0.0,0.0,21.55,95.0,1.86,332.0,862.87,0.0
2024-08-31 21:30:00,0.33,1.49,0.51,2.15,0.0,0.0,21.66,90.7,3.55,248.8,863.39,0.0
2024-08-31 21:40:00,0.02,2.77,0.23,1.5,0.0,0.0,21.17,91.4,5.05,266.6,863.98,0.0
2024-08-31 21:50:00,0.0,1.6,0.0,0.06,0.0,0.0,20.49,92.9,3.15,293.5,864.16,0.0
2024-08-31 22:00:00,0.0,1.35,0.02,0.34,0.0,0.0,20.19,93.5,3.62,290.2,864.37,0.0
2024-08-31 22:10:00,0.01,0.71,0.02,0.05,0.0,0.0,20.03,93.4,3.5,320.2,864.25,0.0
2024-08-31 22:20:00,0.01,0.51,0.01,0.0,0.0,0.0,19.83,95.7,2.76,309.3,864.33,0.0
2024-08-31 22:30:00,0.08,0.22,0.18,0.01,0.0,0.0,19.97,94.3,2.34,262.8,864.3,0.0
2024-08-31 22:40:00,0.0,0.18,0.0,0.0,0.0,0.0,19.96,95.1,1.8,295.1,864.14,0.0
2024-08-31 22:50:00,0.01,0.0,0.0,0.0,0.0,0.0,19.97,96.3,1.24,42.98,863.91,0.0
2024-08-31 23:00:00,0.04,0.0,0.0,0.0,0.0,0.0,19.94,96.5,0.61,138.2,864.05,0.0
2024-08-31 23:10:00,0.14,0.0,0.0,0.0,0.0,0.0,20.06,94.3,1.78,122.8,864.6,0.0
2024-08-31 23:20:00,0.02,0.0,0.0,0.0,0.0,0.01,20.06,96.1,1.5,103.0,864.5,0.0
2024-08-31 23:30:00,0.0,0.0,0.0,0.0,0.0,0.0,19.95,96.5,2.1,143.6,864.8,0.0
2024-08-31 23:40:00,0.0,0.34,0.0,0.0,0.0,0.01,19.8,97.4,4.86,142.1,865.37,0.0
2024-08-31 23:50:00,0.0,0.58,0.0,0.0,0.0,0.0,19.15,98.7,4.47,150.8,865.68,0.0
2024-09-01 00:00:00,0.0,0.18,0.0,0.0,0.0,0.0,18.84,98.6,3.48,165.2,865.98,0.0
2024-09-01 00:10:00,0.0,1.7,0.0,0.01,0.0,0.0,18.44,100.0,3.59,136.8,866.13,4.4
2024-09-01 00:20:00,0.02,0.24,0.0,0.01,0.0,0.01,17.98,100.0,2.69,172.3,866.29,5.2
2024-09-01 00:30:00,0.02,0.01,0.02,0.02,0.0,0.01,18.01,100.0,0.57,351.5,866.12,3.2
2024-09-01 00:40:00,0.02,0.0,0.03,0.02,0.0,0.0,18.07,100.0,0.59,296.2,866.11,0.5
2024-09-01 00:50:00,0.01,0.0,0.04,0.03,0.0,0.01,18.12,100.0,0.0,339.1,866.0,0.1
2024-09-01 01:00:00,0.0,0.0,0.06,0.02,0.0,0.02,18.27,100.0,0.0,324.4,865.97,0.3
2024-09-01 01:10:00,0.01,0.0,0.05,0.01,0.0,0.01,18.34,100.0,0.0,251.7,865.92,0.5
2024-09-01 01:20:00,0.0,0.04,0.02,0.02,0.0,0.02,18.48,100.0,1.6,270.5,865.7,0.5
2024-09-01 01:30:00,0.0,0.0,0.05,0.03,0.0,0.02,18.53,100.0,0.76,288.3,865.52,0.4
2024-09-01 01:40:00,0.0,0.01,0.01,0.01,0.0,0.01,18.52,100.0,0.37,270.6,865.38,0.3
2024-09-01 01:50:00,0.0,0.01,0.01,0.05,0.0,0.02,18.54,100.0,0.59,270.8,865.36,0.2
2024-09-01 02:00:00,0.0,0.03,0.0,0.02,0.0,0.02,18.51,100.0,1.35,301.0,865.27,0.3
2024-09-01 02:10:00,0.0,0.05,0.0,0.03,0.0,0.03,18.46,100.0,1.41,295.6,865.13,0.2
2024-09-01 02:20:00,0.0,0.01,0.0,0.03,0.0,0.03,18.49,100.0,1.9,297.1,864.93,0.0
2024-09-01 02:30:00,0.0,0.0,0.0,0.14,0.0,0.05,18.59,100.0,0.63,308.3,864.84,0.1
2024-09-01 02:40:00,0.0,0.0,0.02,0.18,0.0,0.04,18.66,100.0,0.0,273.0,864.64,0.0
2024-09-01 02:50:00,0.0,0.0,0.0,0.0,0.0,0.05,18.77,100.0,0.0,292.8,864.45,0.1
2024-09-01 03:00:00,0.0,0.0,0.0,0.0,0.0,0.05,18.78,100.0,0.0,320.9,864.38,0.0
2024-09-01 03:10:00,0.0,0.0,0.0,0.0,0.0,0.04,18.82,100.0,0.0,0.15,864.32,0.0
2024-09-01 03:20:00,0.0,0.0,0.08,0.01,0.0,0.03,18.96,100.0,0.0,4.11,864.26,0.0
2024-09-01 03:30:00,0.0,0.0,0.0,0.0,0.0,0.03,19.01,100.0,0.0,10.61,864.15,0.0
2024-09-01 03:40:00,0.0,0.0,0.0,0.0,0.0,0.02,18.96,100.0,0.0,83.0,864.16,0.0
2024-09-01 03:50:00,0.0,0.0,0.0,0.0,0.0,0.04,18.95,100.0,0.0,97.4,864.06,0.0
2024-09-01 04:00:00,0.0,0.0,0.0,0.0,0.0,0.02,18.92,100.0,0.0,63.28,864.0,0.0
2024-09-01 04:10:00,0.0,0.0,0.0,0.0,0.0,0.04,18.91,100.0,0.0,126.3,863.97,0.0
2024-09-01 04:20:00,0.0,0.0,0.0,0.0,0.0,0.05,18.92,100.0,0.0,132.3,863.91,0.0
2024-09-01 04:30:00,0.0,0.0,0.0,0.0,0.0,0.03,18.93,100.0,0.0,116.1,863.97,0.0
2024-09-01 04:40:00,0.32,0.0,0.0,0.0,0.0,0.02,18.97,100.0,0.0,127.9,864.08,0.0
2024-09-01 04:50:00,6.84,0.0,0.0,0.0,0.0,0.01,18.95,100.0,0.0,167.3,864.15,0.0
2024-09-01 05:00:00,7.3,0.0,0.0,0.0,0.0,0.04,18.95,100.0,0.0,187.9,864.23,0.0
2024-09-01 05:10:00,8.77,0.0,0.0,0.0,0.0,0.07,18.92,100.0,1.2,226.9,864.23,0.0
2024-09-01 05:20:00,9.73,0.09,0.0,0.0,0.0,0.05,18.8,100.0,1.07,183.0,864.34,0.0
2024-09-01 05:30:00,10.54,0.11,0.0,0.01,0.0,0.07,18.68,100.0,0.78,215.2,864.4,0.0
2024-09-01 05:40:00,10.68,0.29,0.01,0.1,0.0,0.06,18.57,100.0,1.15,213.1,864.55,0.0
2024-09-01 05:50:00,10.98,0.35,0.02,0.1,0.0,0.08,18.46,100.0,1.62,221.6,864.67,0.0
2024-09-01 06:00:00,10.96,0.05,0.08,0.09,0.0,0.05,18.46,100.0,0.09,173.4,864.76,0.0
2024-09-01 06:10:00,11.03,0.12,0.12,0.11,0.0,0.03,18.48,100.0,0.0,199.5,864.94,0.0
2024-09-01 06:20:00,11.2,0.34,0.19,0.2,0.0,0.09,18.46,100.0,0.0,220.7,864.98,0.0
2024-09-01 06:30:00,11.74,1.46,1.21,1.37,0.0,0.16,18.48,100.0,0.0,154.7,864.98,0.0
2024-09-01 06:40:00,11.29,5.51,4.81,5.53,0.0,0.37,18.54,100.0,0.0,23.54,865.0,0.0
2024-09-01 06:50:00,11.81,20.19,17.18,19.78,0.0,1.14,18.63,100.0,0.0,17.74,864.96,0.0
2024-09-01 07:00:00,11.78,41.92,35.67,41.37,0.0,2.22,18.7,100.0,0.0,321.5,864.94,0.0
2024-09-01 07:10:00,12.02,55.56,47.29,53.56,0.0,3.27,18.77,100.0,0.0,323.1,864.97,0.0
2024-09-01 07:20:00,12.09,85.2,72.68,81.0,0.01,5.26,18.89,100.0,0.03,10.91,864.97,0.0
2024-09-01 07:30:00,3.72,138.6,111.3,132.7,0.01,9.55,19.09,100.0,0.0,89.0,865.07,0.0
2024-09-01 07:40:00,18.6,168.0,127.6,165.8,0.01,11.49,19.41,100.0,0.0,115.8,865.19,0.0
2024-09-01 07:50:00,0.12,133.6,110.9,128.2,0.01,10.79,19.51,100.0,0.03,150.8,865.22,0.0
2024-09-01 08:00:00,0.0,146.2,119.4,144.7,0.02,12.15,19.56,100.0,0.43,133.6,865.21,0.0
2024-09-01 08:10:00,0.33,153.1,127.1,153.9,0.02,13.36,19.68,100.0,0.0,144.2,865.2,0.0
2024-09-01 08:20:00,109.9,257.7,157.4,264.0,0.03,17.84,20.07,100.0,0.04,95.0,865.23,0.0
2024-09-01 08:30:00,502.9,435.8,124.1,441.0,0.04,25.55,20.89,98.0,0.06,77.04,865.22,0.0
2024-09-01 08:40:00,562.0,472.4,119.0,472.8,0.05,28.41,21.61,94.8,0.0,133.0,865.27,0.0
2024-09-01 08:50:00,474.2,477.8,164.3,473.0,0.06,29.99,22.42,91.2,0.0,75.27,865.46,0.0
2024-09-01 09:00:00,48.5,290.7,216.0,284.7,0.05,23.47,22.34,92.5,0.0,107.5,865.53,0.0
2024-09-01 09:10:00,481.7,641.0,267.5,636.0,0.07,35.55,22.41,87.5,0.04,64.32,865.61,0.0
2024-09-01 09:20:00,436.8,650.4,290.7,636.8,0.08,37.5,22.84,85.0,0.0,318.8,865.59,0.0
2024-09-01 09:30:00,525.5,740.7,297.7,721.2,0.09,41.34,23.59,83.2,0.08,145.9,865.46,0.0
2024-09-01 09:40:00,12.67,322.6,248.0,315.3,0.07,26.11,23.15,88.9,0.08,67.25,865.48,0.0
2024-09-01 09:50:00,635.5,812.0,272.1,798.7,0.12,47.01,23.38,83.9,0.53,221.0,865.53,0.0
2024-09-01 10:00:00,291.9,600.2,303.4,585.3,0.11,40.31,23.29,86.4,0.85,215.9,865.54,0.0
2024-09-01 10:10:00,155.8,500.7,295.0,481.5,0.1,36.17,22.36,88.4,0.91,184.8,865.41,0.0
2024-09-01 10:20:00,314.2,652.7,296.1,637.4,0.13,43.71,22.42,86.1,1.32,182.9,865.37,0.0
2024-09-01 10:30:00,356.4,695.6,307.4,679.6,0.13,45.4,22.62,84.8,2.87,161.0,865.42,0.0
2024-09-01 10:40:00,631.4,870.0,262.7,851.0,0.17,56.0,22.88,84.7,2.59,181.1,865.39,0.0
2024-09-01 10:50:00,125.4,394.1,238.6,388.6,0.11,33.15,22.91,84.1,2.41,155.0,865.42,0.0
2024-09-01 11:00:00,761.6,1068.0,287.5,1061.0,0.2,64.92,23.27,82.3,2.64,156.1,865.3,0.0
2024-09-01 11:10:00,840.0,1008.0,183.7,1008.0,0.21,65.68,23.58,80.0,2.73,213.5,865.31,0.0
2024-09-01 11:20:00,729.9,979.0,216.6,984.0,0.21,64.47,23.57,81.1,2.4,148.2,865.36,0.0
2024-09-01 11:30:00,360.8,634.6,236.8,639.5,0.17,48.13,23.62,81.9,2.02,147.2,865.16,0.0
2024-09-01 11:40:00,411.9,703.3,234.5,706.5,0.18,50.39,23.68,83.6,2.21,185.1,864.91,0.0
2024-09-01 11:50:00,305.3,708.3,308.1,697.7,0.17,49.37,23.2,82.7,2.1,187.5,864.67,0.0
2024-09-01 12:00:00,505.8,866.0,276.7,866.0,0.2,58.9,23.87,79.98,1.76,223.7,864.43,0.0
2024-09-01 12:10:00,723.4,1075.0,273.5,1064.0,0.24,70.25,24.24,79.09,2.05,181.3,864.27,0.0
2024-09-01 12:20:00,453.0,758.5,237.6,742.6,0.19,53.44,24.44,78.47,1.79,232.5,864.1,0.0
2024-09-01 12:30:00,53.79,418.6,277.6,408.8,0.15,37.77,23.98,80.1,0.39,231.0,863.85,0.0
2024-09-01 12:40:00,297.5,669.8,268.0,659.6,0.18,49.77,24.35,80.4,1.5,127.8,863.6,0.0
2024-09-01 12:50:00,633.9,1011.0,262.2,996.0,0.23,65.96,24.79,75.76,2.39,149.5,863.27,0.0
2024-09-01 13:00:00,837.0,1152.0,240.4,1114.0,0.25,73.34,25.24,74.03,2.31,158.9,863.17,0.0
2024-09-01 13:10:00,882.0,1168.0,217.9,1136.0,0.25,74.15,25.5,73.75,2.77,1.52,862.95,0.0
2024-09-01 13:20:00,632.4,983.0,270.8,946.0,0.22,64.06,25.84,75.79,2.56,1.51,862.83,0.0
2024-09-01 13:30:00,807.0,1110.0,232.2,1093.0,0.24,70.31,25.2,75.02,2.82,1.57,862.68,0.0
2024-09-01 13:40:00,315.3,624.6,216.2,620.3,0.17,48.66,25.53,75.45,2.87,1.52,862.47,0.0
2024-09-01 13:50:00,213.8,536.5,237.1,530.4,0.15,43.11,25.41,73.11,2.69,1.52,862.35,0.0
2024-09-01 14:00:00,406.1,716.2,240.2,708.0,0.17,51.19,25.29,75.25,3.05,246.7,862.18,0.0
2024-09-01 14:10:00,844.0,1093.0,238.3,1061.0,0.21,67.8,25.56,74.14,2.72,225.2,861.99,0.0
2024-09-01 14:20:00,857.0,1049.0,204.5,1010.0,0.2,65.48,26.4,73.23,1.99,1.54,861.84,0.0
2024-09-01 14:30:00,390.6,637.1,200.2,629.5,0.15,46.93,26.06,74.16,2.73,1.54,861.68,0.0
2024-09-01 14:40:00,1589.0,576.4,205.9,547.9,0.13,42.49,25.54,73.92,3.21,210.5,861.53,0.0
2024-09-01 14:50:00,6823.0,757.2,221.7,722.6,0.15,49.71,25.38,75.89,3.16,121.3,861.4,0.0
2024-09-01 15:00:00,502.0,739.7,237.3,707.4,0.13,46.9,25.31,75.0,3.72,236.9,861.11,0.0
2024-09-01 15:10:00,780.2,888.0,187.1,854.0,0.14,52.43,25.78,71.72,2.54,137.7,860.96,0.0
2024-09-01 15:20:00,664.3,787.4,186.5,747.4,0.12,47.6,25.95,74.26,3.45,108.2,860.76,0.0
2024-09-01 15:30:00,71.1,229.0,194.2,306.8,0.08,29.62,25.74,74.86,2.73,169.3,860.75,0.0
2024-09-01 15:40:00,678.9,727.0,208.7,732.7,0.1,43.52,26.18,71.33,3.46,156.8,860.62,0.0
2024-09-01 15:50:00,705.6,731.2,175.6,686.1,0.09,41.02,26.61,71.2,3.24,204.6,860.56,0.0
2024-09-01 16:00:00,696.0,667.7,148.7,621.5,0.08,38.08,26.16,71.65,3.76,232.3,860.43,0.0
2024-09-01 16:10:00,694.1,632.0,137.7,585.2,0.07,36.37,25.9,72.09,2.84,208.3,860.19,0.0
2024-09-01 16:20:00,674.4,580.8,126.2,534.8,0.07,33.1,26.33,72.65,2.45,280.2,859.81,0.0
2024-09-01 16:30:00,641.9,531.6,122.2,483.8,0.06,29.86,26.36,73.13,2.52,174.8,859.58,0.0
2024-09-01 16:40:00,634.9,499.1,117.7,449.1,0.05,27.33,26.55,70.92,2.8,174.4,859.47,0.0
2024-09-01 16:50:00,613.1,457.7,113.4,408.0,0.04,24.55,26.45,71.22,1.76,158.3,859.42,0.0
2024-09-01 17:00:00,583.1,402.2,101.0,354.1,0.03,21.56,26.74,70.26,1.5,200.6,859.39,0.0
2024-09-01 17:10:00,540.6,351.9,93.8,304.7,0.03,18.84,27.06,70.17,0.91,117.5,859.43,0.0
2024-09-01 17:20:00,528.2,317.3,86.8,269.4,0.02,16.49,26.97,69.25,1.16,274.8,859.33,0.0
2024-09-01 17:30:00,469.6,267.6,80.1,223.5,0.02,13.8,26.62,71.5,0.94,290.3,859.36,0.0
2024-09-01 17:40:00,398.0,219.7,73.43,181.3,0.01,11.24,26.15,71.1,1.28,291.0,859.41,0.0
2024-09-01 17:50:00,178.2,118.6,54.49,98.2,0.01,8.22,25.94,74.14,0.38,252.4,859.33,0.0
2024-09-01 18:00:00,99.9,69.75,35.49,57.99,0.01,5.89,25.57,77.38,0.78,183.8,859.43,0.0
2024-09-01 18:10:00,35.55,38.07,24.18,32.87,0.0,4.2,25.16,76.64,0.31,309.1,859.61,0.0
2024-09-01 18:20:00,1.7,19.15,14.97,18.21,0.0,2.94,25.0,76.06,0.21,280.8,859.61,0.0
2024-09-01 18:30:00,0.0,13.16,10.09,12.16,0.0,2.0,25.01,75.68,1.51,268.7,859.5,0.0
2024-09-01 18:40:00,0.0,8.27,6.22,7.06,0.0,1.22,25.02,77.59,1.43,259.8,859.48,0.0
2024-09-01 18:50:00,0.0,2.52,1.56,1.47,0.0,0.58,24.71,81.6,0.45,215.8,859.68,0.0
2024-09-01 19:00:00,0.0,0.0,0.0,0.0,0.0,0.15,24.12,86.3,0.06,0.15,859.88,0.0
2024-09-01 19:10:00,0.0,0.0,0.0,0.0,0.0,0.02,23.78,88.2,0.19,20.05,860.17,0.0
2024-09-01 19:20:00,0.0,0.0,0.0,0.0,0.0,0.0,23.53,91.2,0.0,86.0,860.24,0.0
2024-09-01 19:30:00,0.0,0.0,0.0,0.0,0.0,0.0,23.25,87.6,0.23,151.0,860.24,0.0
2024-09-01 19:40:00,0.0,0.0,0.0,0.0,0.0,0.0,23.21,92.6,0.15,320.9,860.18,0.0
2024-09-01 19:50:00,0.0,0.0,0.0,0.0,0.0,0.0,22.94,92.8,0.0,157.5,860.28,0.0
2024-09-01 20:00:00,0.0,0.0,0.0,0.0,0.0,0.0,22.86,93.2,0.96,340.1,860.48,0.0
2024-09-01 20:10:00,0.02,0.0,0.0,0.0,0.0,0.0,22.78,92.0,1.14,336.8,860.68,0.0
2024-09-01 20:20:00,0.0,0.0,0.0,0.0,0.0,0.0,22.64,93.3,1.25,337.3,860.73,0.0
2024-09-01 20:30:00,0.0,0.0,0.0,0.0,0.0,0.0,22.43,94.9,1.51,341.4,861.02,0.0
2024-09-01 20:40:00,0.0,0.0,0.0,0.0,0.0,0.0,22.06,95.4,1.6,329.7,861.24,0.0
2024-09-01 20:50:00,0.01,0.0,0.0,0.0,0.0,0.0,22.11,96.1,1.66,344.7,861.24,0.0
2024-09-01 21:00:00,0.0,0.0,0.0,0.0,0.0,0.0,21.73,95.8,2.24,10.86,861.32,0.0
2024-09-01 21:10:00,0.08,0.0,0.0,0.0,0.0,0.0,21.94,95.1,1.62,0.15,861.39,0.0
2024-09-01 21:20:00,0.06,0.0,0.0,0.0,0.0,0.0,22.08,94.7,1.45,341.0,861.7,0.0
2024-09-01 21:30:00,0.0,0.0,0.0,0.0,0.0,0.0,21.97,96.7,0.13,178.9,861.95,0.0
2024-09-01 21:40:00,0.02,0.0,0.0,0.0,0.0,0.0,21.81,95.2,0.99,259.9,862.06,0.0
2024-09-01 21:50:00,0.04,0.0,0.0,0.0,0.0,0.0,21.76,94.1,2.59,284.0,862.18,0.0
2024-09-01 22:00:00,0.05,0.0,0.0,0.0,0.0,0.0,21.83,93.5,2.47,297.2,862.29,0.0
2024-09-01 22:10:00,0.02,0.0,0.0,0.0,0.0,0.0,21.7,94.8,2.02,314.0,862.46,0.0
2024-09-01 22:20:00,0.0,0.0,0.0,0.0,0.0,0.0,21.56,94.3,1.71,291.7,862.54,0.0
2024-09-01 22:30:00,0.02,0.0,0.0,0.0,0.0,0.0,21.76,94.1,0.9,339.9,862.65,0.0
2024-09-01 22:40:00,0.01,0.0,0.0,0.0,0.0,0.0,21.37,95.2,2.13,339.3,862.79,0.0
2024-09-01 22:50:00,0.05,0.0,0.0,0.0,0.0,0.0,21.36,94.0,2.28,328.2,862.84,0.0
2024-09-01 23:00:00,0.01,0.0,0.0,0.0,0.0,0.0,21.32,95.2,1.96,343.4,862.8,0.0
2024-09-01 23:10:00,0.02,0.0,0.0,0.0,0.0,0.0,21.31,94.9,1.6,334.5,862.83,0.0
2024-09-01 23:20:00,0.06,0.0,0.0,0.0,0.0,0.0,21.54,95.1,1.42,351.1,862.72,0.0
2024-09-01 23:30:00,0.01,0.0,0.0,0.0,0.0,0.0,21.36,95.2,1.44,314.0,862.56,0.0
2024-09-01 23:40:00,0.01,0.0,0.0,0.0,0.0,0.0,21.54,95.3,0.27,326.2,862.49,0.0
2024-09-01 23:50:00,0.01,0.0,0.0,0.0,0.0,0.0,21.32,96.2,0.0,326.4,862.57,0.0
2024-09-02 00:00:00,0.02,0.0,0.0,0.0,0.0,0.0,21.26,96.4,0.41,344.8,862.61,0.0
2024-09-02 00:10:00,0.02,0.0,0.0,0.0,0.0,0.0,21.12,95.7,0.5,320.6,862.61,0.0
2024-09-02 00:20:00,0.02,0.0,0.0,0.0,0.0,0.0,21.33,95.9,1.14,342.3,862.55,0.0
2024-09-02 00:30:00,0.01,0.0,0.0,0.0,0.0,0.0,21.21,95.8,1.46,331.5,862.57,0.0
2024-09-02 00:40:00,0.01,0.0,0.0,0.0,0.0,0.0,21.19,96.4,1.59,339.3,862.51,0.0
2024-09-02 00:50:00,0.0,0.0,0.0,0.0,0.0,0.0,21.04,97.5,1.88,338.5,862.52,0.0
2024-09-02 01:00:00,0.02,0.0,0.0,0.0,0.0,0.0,20.94,99.4,0.93,3.95,862.54,0.1
2024-09-02 01:10:00,0.12,0.0,0.0,0.0,0.0,0.0,21.09,100.0,0.34,33.33,862.65,0.3
2024-09-02 01:20:00,0.06,0.0,0.0,0.0,0.0,0.01,21.28,99.8,0.82,350.8,862.63,0.0
2024-09-02 01:30:00,0.03,0.0,0.0,0.0,0.0,0.0,21.27,100.0,1.17,65.1,862.57,0.3
2024-09-02 01:40:00,0.01,0.0,0.0,0.0,0.0,0.01,21.18,100.0,0.6,27.16,862.5,0.9
2024-09-02 01:50:00,0.0,0.0,0.0,0.0,0.0,0.01,21.06,100.0,0.62,25.8,862.46,0.2
2024-09-02 02:00:00,0.0,0.0,0.0,0.0,0.0,0.01,21.0,100.0,0.83,0.0,862.41,0.1
2024-09-02 02:10:00,0.0,0.0,0.0,0.0,0.0,0.01,21.0,100.0,1.12,0.0,862.38,0.0
2024-09-02 02:20:00,0.0,0.01,0.0,0.0,0.0,0.02,20.98,100.0,0.84,0.0,862.28,0.0
2024-09-02 02:30:00,0.0,0.01,0.0,0.0,0.0,0.01,20.94,100.0,0.97,20.02,862.13,0.1
2024-09-02 02:40:00,0.0,0.0,0.0,0.0,0.0,0.02,20.96,100.0,0.64,31.83,862.12,0.0
2024-09-02 02:50:00,0.0,0.0,0.0,0.0,0.0,0.02,20.97,100.0,0.42,25.61,862.01,0.0
2024-09-02 03:00:00,0.0,0.0,0.0,0.0,0.0,0.01,20.96,100.0,0.2,0.0,861.91,0.0
2024-09-02 03:10:00,0.0,0.0,0.0,0.0,0.0,0.02,20.88,100.0,0.22,0.0,861.72,0.1
2024-09-02 03:20:00,0.0,0.0,0.0,0.0,0.0,0.01,20.86,100.0,0.04,160.0,861.56,0.0
2024-09-02 03:30:00,0.0,0.0,0.0,0.0,0.0,0.01,20.78,100.0,0.0,120.5,861.55,0.0
2024-09-02 03:40:00,0.0,0.0,0.0,0.0,0.0,0.02,20.78,100.0,0.0,82.4,861.47,0.0
2024-09-02 03:50:00,0.0,0.0,0.0,0.0,0.0,0.01,20.7,100.0,0.07,0.0,861.4,0.0
2024-09-02 04:00:00,0.09,0.0,0.0,0.0,0.0,0.02,20.61,100.0,0.0,0.0,861.4,0.0
2024-09-02 04:10:00,0.34,0.0,0.0,0.0,0.0,0.02,20.63,100.0,0.95,62.28,861.52,0.0
2024-09-02 04:20:00,0.35,0.0,0.0,0.0,0.0,0.03,20.67,100.0,2.02,161.4,861.77,0.0
2024-09-02 04:30:00,0.25,0.0,0.0,0.0,0.0,0.04,20.66,100.0,1.56,273.2,861.89,0.0
2024-09-02 04:40:00,0.27,0.19,0.0,0.0,0.0,0.05,20.53,100.0,2.13,243.8,861.97,0.0
2024-09-02 04:50:00,0.32,0.02,0.0,0.0,0.0,0.06,20.44,100.0,1.75,234.8,861.98,0.0
2024-09-02 05:00:00,0.16,0.0,0.0,0.0,0.0,0.04,20.37,100.0,1.91,218.6,862.05,0.0
2024-09-02 05:10:00,0.0,0.0,0.0,0.0,0.0,0.07,20.38,100.0,1.09,270.7,862.19,0.0
2024-09-02 05:20:00,0.0,0.01,0.0,0.0,0.0,0.04,20.4,100.0,1.02,206.8,862.28,0.0
2024-09-02 05:30:00,0.0,0.02,0.0,0.0,0.0,0.08,20.4,100.0,0.88,164.3,862.28,0.0
2024-09-02 05:40:00,0.0,0.0,0.0,0.0,0.0,0.06,20.37,100.0,1.45,190.0,862.29,0.0
2024-09-02 05:50:00,0.0,0.0,0.0,0.0,0.0,0.04,20.35,100.0,0.45,167.1,862.38,0.0
2024-09-02 06:00:00,0.0,0.0,0.0,0.0,0.0,0.06,20.35,100.0,0.19,248.4,862.48,0.0
2024-09-02 06:10:00,0.0,0.01,0.02,0.07,0.0,0.04,20.38,100.0,0.02,196.8,862.67,0.0
2024-09-02 06:20:00,0.0,0.34,0.22,0.19,0.0,0.09,20.38,100.0,0.0,119.5,862.88,0.0
2024-09-02 06:30:00,0.0,2.1,1.71,1.96,0.0,0.13,20.29,100.0,0.56,139.0,863.12,0.0
2024-09-02 06:40:00,0.0,6.99,5.62,6.43,0.0,0.43,20.12,100.0,0.61,142.8,863.18,0.0
2024-09-02 06:50:00,0.0,20.38,16.88,18.79,0.0,1.33,20.05,100.0,0.01,52.6,863.28,0.0
2024-09-02 07:00:00,0.0,33.22,28.42,30.43,0.0,2.28,20.1,100.0,0.0,58.38,863.47,0.0
2024-09-02 07:10:00,0.0,45.8,39.48,44.21,0.0,3.03,20.21,100.0,0.25,26.43,863.69,0.0
2024-09-02 07:20:00,0.0,62.05,52.73,61.57,0.0,4.42,20.24,100.0,0.68,61.04,863.74,0.0
2024-09-02 07:30:00,0.0,62.29,52.16,61.82,0.01,4.65,20.36,100.0,0.2,67.18,863.97,0.0
2024-09-02 07:40:00,0.0,84.5,70.7,81.1,0.01,6.06,20.51,100.0,0.0,104.9,864.15,0.0
2024-09-02 07:50:00,0.0,87.1,72.23,83.5,0.01,6.4,20.73,100.0,0.0,136.9,864.36,0.0
2024-09-02 08:00:00,0.0,82.5,69.36,78.51,0.01,6.04,20.86,100.0,0.22,173.1,864.54,0.0
2024-09-02 08:10:00,0.0,88.2,74.83,85.7,0.01,6.47,20.94,100.0,0.37,159.7,864.7,0.0
2024-09-02 08:20:00,0.0,92.1,77.75,88.6,0.01,6.9,21.03,100.0,0.0,158.9,864.94,0.0
2024-09-02 08:30:00,0.0,102.0,87.6,99.9,0.01,7.59,21.14,100.0,0.0,122.9,865.04,0.0
2024-09-02 08:40:00,0.0,115.2,99.3,115.5,0.02,8.48,21.25,100.0,0.0,156.7,865.12,0.0
2024-09-02 08:50:00,0.0,155.5,135.0,158.8,0.02,11.04,21.55,100.0,0.0,143.4,865.16,0.0
2024-09-02 09:00:00,0.0,203.6,175.7,210.6,0.03,14.25,21.85,98.9,0.0,175.2,865.31,0.0
2024-09-02 09:10:00,0.79,299.8,247.8,312.5,0.04,20.12,22.09,97.6,0.0,291.7,865.34,0.0
2024-09-02 09:20:00,32.0,410.5,310.7,408.0,0.06,27.27,22.7,93.7,0.0,251.2,865.37,0.0
2024-09-02 09:30:00,7.37,297.2,253.9,282.5,0.06,24.52,22.19,93.2,0.25,259.5,865.39,0.0
2024-09-02 09:40:00,18.55,277.1,218.8,273.7,0.06,23.56,22.34,93.3,0.48,249.6,865.31,0.0
2024-09-02 09:50:00,185.7,541.0,315.2,536.8,0.09,35.85,22.68,91.5,0.83,225.5,865.3,0.0
2024-09-02 10:00:00,360.9,651.7,306.6,650.5,0.11,40.38,23.56,88.3,1.26,265.4,865.26,0.0
2024-09-02 10:10:00,14.24,428.0,344.1,428.6,0.09,31.79,23.07,89.2,1.18,230.7,865.25,0.0
2024-09-02 10:20:00,61.87,510.3,371.9,495.9,0.1,35.62,23.35,86.6,1.12,181.0,865.26,0.0
2024-09-02 10:30:00,284.2,706.9,365.9,704.3,0.13,44.6,24.33,79.99,0.6,1.58,865.27,0.0
2024-09-02 10:40:00,63.49,414.5,305.6,393.1,0.09,29.48,25.12,81.2,1.26,1.56,865.36,0.0
2024-09-02 10:50:00,155.5,557.4,342.0,525.3,0.12,38.01,24.51,81.2,1.67,1.56,865.34,0.0
2024-09-02 11:00:00,157.7,614.0,379.2,593.3,0.14,43.32,24.23,80.6,1.29,1.57,865.23,0.0
2024-09-02 11:10:00,615.7,1030.0,357.6,1021.0,0.2,61.93,25.2,75.44,1.2,1.55,865.08,0.0
2024-09-02 11:20:00,542.2,858.0,278.2,849.0,0.19,57.21,25.28,79.56,1.52,1.56,865.02,0.0
2024-09-02 11:30:00,811.0,1079.0,245.6,1076.0,0.22,67.39,26.04,74.51,1.28,1.57,864.92,0.0
2024-09-02 11:40:00,545.9,835.0,215.8,812.0,0.2,57.37,25.53,77.76,1.63,1.57,864.75,0.0
2024-09-02 11:50:00,703.4,1033.0,245.3,1017.0,0.22,65.3,26.21,72.86,0.49,1.55,864.49,0.0
2024-09-02 12:00:00,825.0,1122.0,236.3,1091.0,0.24,70.28,27.04,70.71,1.78,1.55,864.32,0.0
2024-09-02 12:10:00,849.0,1112.0,213.9,1084.0,0.24,71.1,26.91,70.67,1.66,1.57,864.22,0.0
2024-09-02 12:20:00,858.0,1118.0,197.2,1096.0,0.24,71.43,26.66,67.84,1.54,1.58,864.03,0.0
2024-09-02 12:30:00,843.0,1114.0,202.6,1088.0,0.24,70.87,26.75,69.52,1.68,1.59,863.83,0.0
2024-09-02 12:40:00,851.0,1110.0,201.1,1079.0,0.24,70.85,27.0,67.75,1.22,1.59,863.52,0.0
2024-09-02 12:50:00,663.7,974.0,219.2,942.0,0.22,64.37,27.39,69.32,2.5,1.55,863.23,0.0
2024-09-02 13:00:00,803.0,1134.0,238.5,1107.0,0.24,69.93,26.98,68.86,1.57,1.59,862.98,0.0
2024-09-02 13:10:00,615.6,975.0,264.9,944.0,0.21,62.31,27.18,67.64,1.7,1.58,862.73,0.0
2024-09-02 13:20:00,811.0,1118.0,232.7,1086.0,0.23,69.57,27.92,65.03,2.31,1.61,862.5,0.0
2024-09-02 13:30:00,828.0,1123.0,239.7,1082.0,0.23,69.4,28.27,64.99,2.13,1.59,862.34,0.0
2024-09-02 13:40:00,744.6,1025.0,230.9,990.0,0.22,65.32,28.31,62.45,2.84,1.58,862.13,0.0
2024-09-02 13:50:00,457.4,780.4,252.4,757.2,0.18,53.0,28.65,65.46,2.58,1.51,861.91,0.0
2024-09-02 14:00:00,831.0,1104.0,238.0,1067.0,0.21,66.94,27.44,66.98,3.04,1.54,861.69,0.0
2024-09-02 14:10:00,522.1,732.2,180.9,700.9,0.17,51.14,28.22,66.89,2.77,1.57,861.38,0.0
2024-09-02 14:20:00,871.0,980.0,130.4,949.0,0.19,61.88,27.07,67.89,2.78,1.58,861.21,0.0
2024-09-02 14:30:00,866.0,945.0,119.0,917.0,0.18,59.72,27.48,63.59,1.6,1.58,860.99,0.0
2024-09-02 14:40:00,855.0,954.0,143.6,919.0,0.17,58.87,28.32,64.69,2.27,1.58,860.83,0.0
2024-09-02 14:50:00,748.4,900.0,176.7,863.0,0.16,54.88,28.19,66.05,2.95,1.58,860.64,0.0
2024-09-02 15:00:00,723.3,832.0,162.1,794.6,0.15,51.88,28.22,64.11,2.61,1.6,860.24,0.0
2024-09-02 15:10:00,736.3,803.0,142.8,756.4,0.14,49.93,28.96,62.31,2.08,1.55,859.97,0.0
2024-09-02 15:20:00,799.2,809.0,133.1,768.5,0.13,49.07,28.43,64.09,2.75,1.55,859.76,0.0
2024-09-02 15:30:00,837.0,799.5,126.3,752.9,0.12,47.72,28.91,60.57,1.53,1.58,859.7,0.0
2024-09-02 15:40:00,826.0,786.3,132.5,734.7,0.11,45.55,28.73,63.61,2.42,1.56,859.67,0.0
2024-09-02 15:50:00,738.3,696.1,129.5,646.8,0.09,40.48,29.0,63.14,3.1,1.55,859.53,0.0
2024-09-02 16:00:00,355.3,394.0,106.6,362.5,0.06,26.39,28.67,62.94,2.58,1.58,859.49,0.0
2024-09-02 16:10:00,40.67,156.4,94.4,137.5,0.04,15.7,28.05,65.75,2.59,187.6,859.47,0.0
2024-09-02 16:20:00,59.88,164.9,96.7,146.5,0.03,15.07,27.57,66.65,2.08,207.0,859.42,0.0
2024-09-02 16:30:00,63.69,172.7,102.1,153.4,0.03,14.83,27.36,66.54,2.24,191.2,859.39,0.0
2024-09-02 16:40:00,263.9,298.2,115.4,266.1,0.03,18.79,27.52,66.07,2.06,190.0,859.41,0.0
2024-09-02 16:50:00,627.2,484.4,126.9,432.9,0.04,24.25,28.52,63.42,1.97,157.8,859.44,0.0
2024-09-02 17:00:00,436.0,356.5,116.9,316.0,0.03,19.92,29.07,61.77,1.67,155.0,859.27,0.0
2024-09-02 17:10:00,372.4,288.8,102.2,250.9,0.02,16.89,29.05,61.56,0.65,143.5,859.25,0.0
2024-09-02 17:20:00,669.5,391.1,101.5,336.4,0.02,17.95,29.06,62.68,1.43,233.3,859.37,0.0
2024-09-02 17:30:00,582.5,319.3,89.6,269.5,0.02,14.75,29.19,62.11,1.24,189.7,859.58,0.0
2024-09-02 17:40:00,290.7,180.2,69.1,150.5,0.01,10.08,28.81,64.51,1.27,248.5,859.66,0.0
2024-09-02 17:50:00,105.3,99.9,54.6,82.9,0.01,7.2,28.2,67.06,2.12,175.3,859.59,0.0
2024-09-02 18:00:00,44.41,72.14,48.38,61.07,0.01,5.7,27.44,69.44,1.86,189.0,859.46,0.0
2024-09-02 18:10:00,2.1,50.91,40.88,44.96,0.0,4.43,27.02,70.1,1.46,231.0,859.38,0.0
2024-09-02 18:20:00,0.03,39.58,32.55,35.86,0.0,3.28,26.88,69.07,1.22,227.0,859.55,0.0
2024-09-02 18:30:00,0.0,28.71,23.35,26.34,0.0,2.22,26.68,72.11,1.12,244.1,859.81,0.0
2024-09-02 18:40:00,0.01,17.65,14.23,16.26,0.0,1.28,26.46,71.72,1.38,149.9,859.77,0.0
2024-09-02 18:50:00,0.0,4.49,3.28,3.52,0.0,0.55,26.19,79.44,0.89,351.5,859.9,0.0
2024-09-02 19:00:00,0.0,0.0,0.0,0.0,0.0,0.14,25.54,77.85,0.42,333.2,860.04,0.0
2024-09-02 19:10:00,0.0,0.0,0.0,0.0,0.0,0.02,25.54,85.0,0.3,335.9,860.05,0.0
2024-09-02 19:20:00,0.0,0.0,0.0,0.0,0.0,0.0,24.65,82.6,1.13,311.4,860.26,0.0
2024-09-02 19:30:00,0.0,0.0,0.0,0.0,0.0,0.0,24.72,85.8,0.77,345.3,860.47,0.0
2024-09-02 19:40:00,0.0,0.0,0.0,0.0,0.0,0.0,23.86,89.6,1.81,336.6,860.55,0.0
2024-09-02 19:50:00,0.0,0.0,0.0,0.0,0.0,0.0,23.55,91.0,1.81,331.9,860.63,0.0
2024-09-02 20:00:00,0.01,0.0,0.0,0.0,0.0,0.0,23.44,88.7,1.49,335.5,860.61,0.0
2024-09-02 20:10:00,0.05,0.0,0.0,0.0,0.0,0.0,23.68,87.9,1.03,320.5,860.65,0.0
2024-09-02 20:20:00,0.0,0.0,0.0,0.0,0.0,0.0,23.6,88.7,1.31,287.0,860.79,0.0
2024-09-02 20:30:00,0.0,0.0,0.0,0.0,0.0,0.0,23.44,90.4,1.32,349.4,860.89,0.0
2024-09-02 20:40:00,0.0,0.0,0.0,0.0,0.0,0.0,23.15,91.2,1.43,143.4,861.18,0.0
2024-09-02 20:50:00,0.09,0.0,0.0,0.0,0.0,0.0,23.23,90.7,0.8,303.5,861.34,0.0
2024-09-02 21:00:00,0.2,0.0,0.0,0.0,0.0,0.0,23.17,90.5,1.18,336.2,861.45,0.0
2024-09-02 21:10:00,0.21,0.0,0.0,0.0,0.0,0.0,22.99,90.1,1.79,321.6,861.58,0.0
2024-09-02 21:20:00,0.14,0.0,0.0,0.0,0.0,0.0,23.03,92.0,1.58,351.5,861.87,0.0
2024-09-02 21:30:00,0.0,0.0,0.0,0.0,0.0,0.0,22.75,90.4,1.64,329.9,862.07,0.0
2024-09-02 21:40:00,0.01,0.0,0.0,0.0,0.0,0.0,22.83,92.3,1.85,333.0,862.39,0.0
2024-09-02 21:50:00,0.0,0.0,0.0,0.0,0.0,0.0,22.5,92.3,2.06,321.8,862.6,0.0
2024-09-02 22:00:00,0.03,0.0,0.0,0.0,0.0,0.0,22.48,91.7,1.71,318.5,862.68,0.0
2024-09-02 22:10:00,0.05,0.0,0.0,0.0,0.0,0.0,22.78,88.4,0.75,347.6,862.59,0.0
2024-09-02 22:20:00,0.1,0.0,0.0,0.0,0.0,0.0,23.08,87.8,0.96,298.7,862.64,0.0
2024-09-02 22:30:00,0.01,0.0,0.0,0.0,0.0,0.0,22.88,90.2,1.2,0.15,862.67,0.0
2024-09-02 22:40:00,0.0,0.0,0.0,0.0,0.0,0.0,22.38,92.2,1.73,341.4,862.79,0.0
2024-09-02 22:50:00,0.0,0.0,0.0,0.0,0.0,0.0,22.15,92.4,1.72,348.8,862.83,0.0
2024-09-02 23:00:00,0.01,0.0,0.0,0.0,0.0,0.0,22.1,91.7,1.84,0.15,862.79,0.0
2024-09-02 23:10:00,0.0,0.0,0.0,0.0,0.0,0.0,22.04,91.3,1.98,304.4,862.61,0.0
2024-09-02 23:20:00,0.01,0.0,0.0,0.0,0.0,0.0,21.93,91.6,1.84,338.1,862.66,0.0
2024-09-02 23:30:00,0.0,0.0,0.0,0.0,0.0,0.0,21.79,93.5,1.31,14.74,862.76,0.0
2024-09-02 23:40:00,0.0,0.0,0.0,0.0,0.0,0.0,21.72,93.2,0.97,5.09,862.8,0.0
2024-09-02 23:50:00,0.01,0.0,0.0,0.0,0.0,0.0,21.81,92.8,0.29,330.7,862.75,0.0
2024-09-03 00:00:00,0.04,0.0,0.0,0.0,0.0,0.0,21.75,93.3,1.34,317.2,862.73,0.0
2024-09-03 00:10:00,0.12,0.0,0.0,0.0,0.0,0.0,21.94,90.9,1.41,333.4,862.81,0.0
2024-09-03 00:20:00,0.06,0.0,0.0,0.0,0.0,0.0,21.99,91.8,1.25,334.9,862.87,0.0
2024-09-03 00:30:00,0.02,0.0,0.0,0.0,0.0,0.0,21.79,93.2,1.25,288.4,862.9,0.0
2024-09-03 00:40:00,0.03,0.0,0.0,0.0,0.0,0.0,21.81,91.6,0.38,318.0,862.85,0.0
2024-09-03 00:50:00,0.04,0.0,0.0,0.0,0.0,0.0,21.89,91.0,0.16,259.5,862.74,0.0
2024-09-03 01:00:00,0.02,0.0,0.0,0.0,0.0,0.0,21.92,92.3,0.0,2.56,862.66,0.0
2024-09-03 01:10:00,0.01,0.0,0.0,0.0,0.0,0.0,21.73,91.8,0.95,328.4,862.62,0.0
2024-09-03 01:20:00,0.04,0.0,0.0,0.0,0.0,0.0,21.73,91.4,1.01,336.4,862.57,0.0
2024-09-03 01:30:00,0.05,0.0,0.0,0.0,0.0,0.0,21.74,92.6,0.75,335.8,862.52,0.0
2024-09-03 01:40:00,0.04,0.0,0.0,0.0,0.0,0.0,21.68,92.8,1.3,332.5,862.32,0.0
2024-09-03 01:50:00,0.08,0.0,0.02,0.04,0.0,0.0,21.79,89.7,0.82,348.9,862.35,0.0
2024-09-03 02:00:00,0.04,0.0,0.02,0.02,0.0,0.0,21.8,91.8,1.41,346.6,862.21,0.0
2024-09-03 02:10:00,0.04,0.0,0.0,0.0,0.0,0.0,21.68,92.8,1.47,0.15,862.21,0.0
2024-09-03 02:20:00,0.05,0.0,0.0,0.0,0.0,0.0,21.66,94.0,0.86,20.52,862.1,0.0
2024-09-03 02:30:00,0.02,0.0,0.0,0.0,0.0,0.0,21.86,91.3,0.79,22.51,862.08,0.0
2024-09-03 02:40:00,0.0,0.0,0.0,0.0,0.0,0.0,21.75,94.4,1.41,31.4,862.02,0.1
2024-09-03 02:50:00,0.02,0.0,0.0,0.0,0.0,0.0,21.32,97.7,1.61,28.42,861.91,0.0
2024-09-03 03:00:00,0.1,0.0,0.0,0.0,0.0,0.0,21.25,98.6,0.96,28.12,861.77,0.0
2024-09-03 03:10:00,0.06,0.0,0.0,0.0,0.0,0.01,21.33,99.2,0.56,113.3,861.86,0.0
2024-09-03 03:20:00,0.04,0.15,0.0,0.0,0.0,0.01,21.25,94.1,0.96,92.5,862.01,0.1
2024-09-03 03:30:00,0.0,1.2,0.0,0.0,0.0,0.01,20.42,99.9,1.25,324.5,862.11,2.4
2024-09-03 03:40:00,0.02,0.01,0.0,0.0,0.0,0.01,19.98,100.0,0.12,117.4,861.95,0.7
2024-09-03 03:50:00,0.0,0.0,0.0,0.0,0.0,0.01,19.84,100.0,0.74,172.7,862.08,0.3
2024-09-03 04:00:00,0.02,0.4,0.0,0.06,0.0,0.01,19.66,100.0,2.94,139.7,862.77,0.1
2024-09-03 04:10:00,0.0,0.02,0.0,0.02,0.0,0.01,19.48,100.0,1.75,172.0,862.87,0.2
2024-09-03 04:20:00,0.0,0.45,0.0,0.09,0.0,0.03,19.25,100.0,3.91,233.7,863.04,0.1
2024-09-03 04:30:00,0.0,0.19,0.0,0.07,0.0,0.03,18.97,100.0,2.66,179.2,863.35,0.0
2024-09-03 04:40:00,0.0,0.31,0.01,0.04,0.0,0.04,18.77,100.0,2.62,249.4,863.51,0.0
2024-09-03 04:50:00,0.0,0.18,0.0,0.02,0.0,0.04,18.73,100.0,1.5,267.3,863.44,0.0
2024-09-03 05:00:00,0.0,0.06,0.05,0.0,0.0,0.03,18.76,100.0,0.7,307.3,863.53,0.0
2024-09-03 05:10:00,0.0,0.0,0.12,0.0,0.0,0.03,18.87,100.0,2.62,316.6,863.62,0.0
2024-09-03 05:20:00,0.0,0.0,0.02,0.0,0.0,0.04,18.98,100.0,1.63,351.2,863.48,0.0
2024-09-03 05:30:00,0.0,0.0,0.0,0.0,0.0,0.05,19.08,100.0,1.1,307.4,863.43,0.0
2024-09-03 05:40:00,0.38,0.0,0.0,0.0,0.0,0.05,19.13,100.0,0.86,351.5,863.33,0.0
2024-09-03 05:50:00,1.71,0.0,0.0,0.0,0.0,0.04,19.31,100.0,0.46,72.38,863.26,0.0
2024-09-03 06:00:00,0.0,0.0,0.0,0.0,0.0,0.05,19.35,100.0,0.41,33.95,863.16,0.0
2024-09-03 06:10:00,0.0,0.0,0.0,0.0,0.0,0.06,19.35,100.0,0.07,318.9,863.02,0.0
2024-09-03 06:20:00,0.0,0.56,0.42,0.25,0.0,0.07,19.29,100.0,0.0,217.7,863.12,0.0
2024-09-03 06:30:00,0.01,8.6,7.51,8.01,0.0,0.46,19.37,100.0,0.37,151.7,863.11,0.0
2024-09-03 06:40:00,13.11,27.99,23.48,26.89,0.0,1.21,19.41,100.0,0.22,214.8,863.14,0.0
2024-09-03 06:50:00,111.8,52.25,36.78,47.81,0.0,2.35,19.55,100.0,0.46,186.7,863.1,0.0
2024-09-03 07:00:00,192.1,77.11,46.16,70.15,0.0,3.77,19.73,100.0,1.6,168.8,863.24,0.0
2024-09-03 07:10:00,256.9,105.2,56.07,99.8,0.0,5.37,19.77,100.0,3.18,173.9,863.21,0.0
2024-09-03 07:20:00,229.8,122.1,66.64,118.4,0.01,7.15,19.77,99.9,2.73,210.8,863.3,0.0
2024-09-03 07:30:00,328.7,175.2,83.6,169.5,0.01,9.55,19.82,98.5,2.21,238.8,863.48,0.0
2024-09-03 07:40:00,442.4,231.4,93.5,225.3,0.01,12.08,20.11,96.4,1.92,172.3,863.51,0.0
2024-09-03 07:50:00,488.7,276.0,103.6,272.3,0.02,14.66,20.47,97.5,1.71,86.1,863.69,0.0
2024-09-03 08:00:00,264.6,250.9,126.3,253.3,0.02,15.77,21.04,94.7,1.2,150.7,863.88,0.0
2024-09-03 08:10:00,358.7,305.3,134.4,302.0,0.03,18.08,21.61,92.7,0.3,153.4,864.04,0.0
2024-09-03 08:20:00,417.8,339.5,132.5,336.9,0.03,20.47,22.01,89.3,0.78,105.4,864.13,0.0
2024-09-03 08:30:00,392.9,372.0,160.3,369.4,0.04,22.55,22.68,88.8,0.54,46.66,864.38,0.0
2024-09-03 08:40:00,272.6,315.8,135.4,314.8,0.04,22.72,21.87,92.6,0.72,77.37,864.45,0.0
2024-09-03 08:50:00,601.0,466.2,115.3,470.0,0.05,28.14,23.15,83.6,0.28,100.6,864.41,0.0
2024-09-03 09:00:00,676.1,526.3,111.1,529.2,0.06,31.57,23.5,83.2,0.46,100.0,864.4,0.0
2024-09-03 09:10:00,718.8,577.6,111.7,580.9,0.07,34.82,23.5,84.3,0.68,177.7,864.44,0.0
2024-09-03 09:20:00,725.4,606.7,110.9,610.3,0.08,37.08,24.03,82.2,0.75,142.5,864.52,0.0
2024-09-03 09:30:00,727.2,631.6,108.5,634.6,0.09,39.28,24.24,80.6,1.55,105.9,864.59,0.0
2024-09-03 09:40:00,766.8,681.5,110.2,686.4,0.1,42.54,24.45,77.69,0.74,1.57,864.66,0.0
2024-09-03 09:50:00,793.1,717.2,105.6,722.6,0.12,45.39,24.41,79.73,0.73,1.56,864.55,0.0
2024-09-03 10:00:00,804.0,744.7,102.8,748.4,0.13,47.62,25.09,78.2,0.95,1.56,864.52,0.0
2024-09-03 10:10:00,830.0,781.9,102.0,785.3,0.14,50.18,25.61,74.6,0.69,1.54,864.49,0.0
2024-09-03 10:20:00,830.0,810.0,103.8,815.0,0.15,52.23,25.67,76.21,0.98,1.56,864.43,0.0
2024-09-03 10:30:00,828.0,837.0,107.5,842.0,0.16,54.04,25.1,75.9,1.35,1.56,864.52,0.0
2024-09-03 10:40:00,841.0,867.0,109.0,870.0,0.17,56.24,25.46,74.16,0.77,1.55,864.41,0.0
2024-09-03 10:50:00,849.0,895.0,109.2,893.0,0.18,58.2,26.56,71.12,0.84,1.55,864.31,0.0
2024-09-03 11:00:00,849.0,916.0,109.2,915.0,0.19,59.85,26.1,74.29,1.45,1.59,864.17,0.0
2024-09-03 11:10:00,849.0,936.0,111.2,933.0,0.2,61.27,26.2,71.87,1.44,1.56,864.04,0.0
2024-09-03 11:20:00,849.0,965.0,125.5,959.0,0.21,63.21,26.79,69.88,1.76,1.6,863.9,0.0
2024-09-03 11:30:00,860.0,1010.0,142.7,1000.0,0.21,65.38,27.19,71.06,1.32,1.57,863.85,0.0
2024-09-03 11:40:00,748.2,955.0,162.2,942.0,0.21,62.3,27.29,64.68,2.08,1.54,863.76,0.0
2024-09-03 11:50:00,846.0,1039.0,163.8,1004.0,0.23,67.41,26.97,70.18,2.21,1.57,863.62,0.0
2024-09-03 12:00:00,883.0,1035.0,121.4,1019.0,0.23,67.89,26.6,70.9,2.6,1.55,863.34,0.0
2024-09-03 12:10:00,891.0,1047.0,116.2,1031.0,0.23,68.86,26.48,69.93,2.62,1.6,863.03,0.0
2024-09-03 12:20:00,856.0,1053.0,139.3,1033.0,0.23,68.82,26.71,70.55,3.34,1.55,862.9,0.0
2024-09-03 12:30:00,873.0,1078.0,139.7,1053.0,0.24,70.01,26.52,69.31,2.46,1.59,862.74,0.0
2024-09-03 12:40:00,893.0,1082.0,135.0,1056.0,0.24,70.49,26.93,71.28,3.68,1.56,862.57,0.0
2024-09-03 12:50:00,883.0,1063.0,129.3,1040.0,0.24,69.7,26.88,68.65,2.44,1.53,862.44,0.0
2024-09-03 13:00:00,889.0,1047.0,110.5,1024.0,0.24,68.97,26.5,68.09,3.47,1.57,862.17,0.0
2024-09-03 13:10:00,887.0,1042.0,108.1,1017.0,0.23,68.65,26.88,65.32,3.67,1.54,861.99,0.0
2024-09-03 13:20:00,883.0,1034.0,106.9,1007.0,0.23,67.94,27.2,66.45,3.04,1.54,861.8,0.0
2024-09-03 13:30:00,885.0,1027.0,110.8,999.0,0.23,67.26,27.07,65.27,2.62,1.56,861.52,0.0
2024-09-03 13:40:00,882.0,1015.0,113.4,988.0,0.22,66.48,27.04,68.59,2.24,1.53,861.24,0.0
2024-09-03 13:50:00,870.0,1006.0,117.5,975.0,0.21,65.26,27.49,67.43,3.72,1.6,861.05,0.0
2024-09-03 14:00:00,870.0,986.0,112.9,957.0,0.21,63.78,27.65,65.87,3.26,1.57,860.94,0.0
2024-09-03 14:10:00,868.0,971.0,111.1,942.0,0.2,62.37,27.67,65.5,3.89,1.52,860.76,0.0
2024-09-03 14:20:00,873.0,954.0,108.0,926.0,0.19,61.27,27.9,61.57,3.07,1.53,860.59,0.0
2024-09-03 14:30:00,866.0,931.0,108.4,901.0,0.18,59.52,28.26,61.59,2.91,1.56,860.43,0.0
2024-09-03 14:40:00,863.0,910.0,110.3,877.0,0.17,57.98,28.93,58.11,2.1,1.56,860.08,0.0
2024-09-03 14:50:00,833.0,880.0,118.2,844.0,0.16,55.3,28.74,60.61,2.63,1.59,859.76,0.0
2024-09-03 15:00:00,796.3,832.0,119.3,797.8,0.14,51.3,28.55,62.04,2.58,1.56,859.68,0.0
2024-09-03 15:10:00,838.0,825.0,105.9,789.8,0.14,51.0,29.12,53.11,1.94,1.62,859.43,0.0
2024-09-03 15:20:00,829.0,795.7,104.8,758.3,0.13,48.77,28.97,54.61,2.88,1.55,859.3,0.0
2024-09-03 15:30:00,820.0,766.7,105.8,728.0,0.12,46.41,28.91,56.97,2.12,1.57,859.35,0.0
2024-09-03 15:40:00,799.3,727.7,104.6,688.2,0.1,43.83,29.07,58.79,2.44,1.59,859.19,0.0
2024-09-03 15:50:00,803.0,703.0,100.6,660.4,0.1,41.65,29.58,57.7,1.91,1.58,858.99,0.0
2024-09-03 16:00:00,768.5,657.1,103.3,616.5,0.08,38.59,29.31,57.3,2.76,1.57,858.9,0.0
2024-09-03 16:10:00,714.9,591.5,98.7,551.4,0.07,34.75,28.93,58.72,1.87,1.56,858.94,0.0
2024-09-03 16:20:00,690.8,549.2,96.8,506.6,0.06,31.78,29.08,59.45,3.04,1.54,858.87,0.0
2024-09-03 16:30:00,723.2,537.7,93.8,492.4,0.06,30.15,29.34,58.03,2.37,1.58,858.76,0.0
2024-09-03 16:40:00,721.0,506.0,90.9,460.0,0.05,27.63,28.93,58.6,2.6,1.56,858.58,0.0
2024-09-03 16:50:00,707.4,471.3,90.8,423.0,0.04,25.32,29.22,58.93,1.39,1.57,858.59,0.0
2024-09-03 17:00:00,623.5,400.9,84.7,356.4,0.03,21.28,28.67,58.35,2.25,1.56,858.41,0.0
2024-09-03 17:10:00,608.8,365.3,84.4,320.3,0.03,19.17,28.92,57.92,1.91,1.57,858.31,0.0
2024-09-03 17:20:00,621.6,350.2,87.8,302.9,0.02,17.33,29.1,57.04,1.96,1.57,858.28,0.0
2024-09-03 17:30:00,522.1,296.4,91.7,253.7,0.02,14.82,29.01,58.57,1.72,1.56,858.28,0.0
2024-09-03 17:40:00,373.3,238.6,99.5,204.2,0.01,12.82,28.89,58.11,2.1,1.56,858.08,0.0
2024-09-03 17:50:00,344.3,222.2,103.9,191.0,0.01,11.07,28.43,58.36,1.67,1.57,857.94,0.0
2024-09-03 18:00:00,205.8,169.3,99.7,148.2,0.01,8.73,28.31,59.31,1.74,1.56,858.01,0.0
2024-09-03 18:10:00,18.17,104.0,81.6,95.7,0.01,6.22,28.26,61.16,0.73,283.4,858.04,0.0
2024-09-03 18:20:00,0.8,68.06,55.37,63.45,0.0,3.84,27.59,63.82,1.04,270.6,858.24,0.0
2024-09-03 18:30:00,8.89,38.98,30.81,36.2,0.0,1.98,27.53,63.68,1.5,254.0,858.49,0.0
2024-09-03 18:40:00,0.05,14.97,12.15,14.09,0.0,0.75,27.38,63.63,0.21,277.4,858.84,0.0
2024-09-03 18:50:00,0.0,3.2,2.34,2.53,0.0,0.28,27.16,64.38,0.42,248.5,858.88,0.0
2024-09-03 19:00:00,0.0,0.0,0.0,0.0,0.0,0.06,26.99,64.8,1.2,213.7,859.08,0.0
2024-09-03 19:10:00,0.0,0.0,0.0,0.0,0.0,0.01,26.96,65.89,1.77,170.4,859.18,0.0
2024-09-03 19:20:00,0.0,0.0,0.0,0.0,0.0,0.0,26.77,67.55,1.87,173.5,859.26,0.0
2024-09-03 19:30:00,0.0,0.0,0.0,0.0,0.0,0.0,26.39,71.78,1.53,135.3,859.53,0.0
2024-09-03 19:40:00,0.0,0.0,0.0,0.0,0.0,0.0,26.18,71.72,0.33,122.1,859.85,0.0
2024-09-03 19:50:00,0.0,0.0,0.0,0.0,0.0,0.0,26.05,73.98,0.04,106.8,860.07,0.0
2024-09-03 20:00:00,0.0,0.0,0.0,0.0,0.0,0.0,25.74,76.97,0.17,183.0,860.31,0.0
2024-09-03 20:10:00,0.0,0.0,0.0,0.0,0.0,0.0,25.52,78.18,0.05,168.7,860.67,0.0
2024-09-03 20:20:00,0.0,0.0,0.0,0.0,0.0,0.0,25.03,79.88,1.3,297.2,861.07,0.0
2024-09-03 20:30:00,0.01,0.0,0.0,0.0,0.0,0.0,25.01,79.64,0.87,316.5,861.2,0.0
2024-09-03 20:40:00,0.03,0.0,0.0,0.0,0.0,0.0,25.12,78.92,0.78,319.9,861.39,0.0
2024-09-03 20:50:00,0.0,0.0,0.0,0.0,0.0,0.0,24.67,82.9,1.54,295.6,861.57,0.0
2024-09-03 21:00:00,0.06,0.0,0.0,0.0,0.0,0.0,24.68,80.9,2.08,296.9,861.82,0.0
2024-09-03 21:10:00,0.0,0.0,0.0,0.0,0.0,0.0,24.48,82.9,1.91,300.4,861.93,0.0
2024-09-03 21:20:00,0.07,0.0,0.0,0.0,0.0,0.0,24.59,79.94,2.18,274.8,861.96,0.0
2024-09-03 21:30:00,0.02,0.0,0.0,0.0,0.0,0.0,24.7,80.2,2.1,297.9,862.03,0.0
2024-09-03 21:40:00,0.0,0.0,0.0,0.0,0.0,0.0,24.58,83.1,2.28,318.8,862.15,0.0
2024-09-03 21:50:00,0.0,0.0,0.0,0.0,0.0,0.0,24.25,83.2,2.65,320.3,862.21,0.0
2024-09-03 22:00:00,0.0,0.0,0.0,0.0,0.0,0.0,24.26,83.0,2.25,303.9,862.15,0.0
2024-09-03 22:10:00,0.0,0.0,0.0,0.0,0.0,0.0,24.3,83.4,1.7,323.2,862.24,0.0
2024-09-03 22:20:00,0.0,0.0,0.0,0.0,0.0,0.0,24.24,84.2,0.96,291.7,862.22,0.0
2024-09-03 22:30:00,0.93,0.0,0.0,0.0,0.0,0.0,24.06,86.6,1.11,334.9,862.71,0.0
2024-09-03 22:40:00,0.08,0.0,0.0,0.0,0.0,0.0,23.61,84.2,1.35,0.43,862.69,0.0
2024-09-03 22:50:00,0.14,0.0,0.0,0.0,0.0,0.0,23.74,83.7,1.6,20.19,862.8,0.0
2024-09-03 23:00:00,0.21,0.0,0.0,0.0,0.0,0.0,24.03,81.8,1.4,11.62,862.98,0.0
2024-09-03 23:10:00,0.05,0.96,0.0,0.06,0.0,0.0,23.27,85.5,3.92,119.3,863.72,0.0
2024-09-03 23:20:00,0.0,2.55,0.0,0.0,0.0,0.0,20.67,97.5,5.05,87.9,865.02,0.8
2024-09-03 23:30:00,0.06,2.75,0.02,0.02,0.0,0.0,18.77,100.0,3.81,167.1,866.13,9.0
2024-09-03 23:40:00,0.16,0.0,0.01,0.03,0.0,0.0,18.83,100.0,2.71,190.3,865.78,6.9
2024-09-03 23:50:00,0.09,0.0,0.04,0.04,0.0,0.01,18.99,100.0,1.76,8.28,865.46,1.0
2024-09-04 00:00:00,0.01,0.16,0.0,0.01,0.0,0.0,18.95,100.0,2.24,319.9,865.25,0.6
2024-09-04 00:10:00,0.0,0.66,0.0,0.05,0.0,0.01,18.53,100.0,2.73,324.9,865.22,0.6
2024-09-04 00:20:00,0.0,0.32,0.0,0.02,0.0,0.01,18.24,100.0,1.98,350.3,865.02,0.6
2024-09-04 00:30:00,0.0,0.2,0.0,0.07,0.0,0.01,17.99,100.0,3.57,337.1,864.6,0.4
2024-09-04 00:40:00,0.0,0.0,0.0,0.21,0.0,0.01,17.99,100.0,3.19,332.9,864.37,0.2
2024-09-04 00:50:00,0.0,0.03,0.01,0.74,0.0,0.02,18.06,100.0,3.27,2.32,864.3,0.1
2024-09-04 01:00:00,0.0,0.0,0.0,0.38,0.0,0.02,18.29,100.0,2.36,11.46,864.1,0.2
2024-09-04 01:10:00,0.0,0.0,0.0,0.09,0.0,0.02,18.39,100.0,2.17,351.5,863.83,0.3
2024-09-04 01:20:00,0.0,0.0,0.0,0.05,0.0,0.02,18.57,100.0,1.8,316.0,863.61,0.2
2024-09-04 01:30:00,0.0,0.0,0.0,0.0,0.0,0.03,18.63,100.0,1.43,326.7,863.51,0.3
2024-09-04 01:40:00,0.0,0.0,0.0,0.09,0.0,0.03,18.57,100.0,2.17,312.7,863.4,0.4
2024-09-04 01:50:00,0.0,0.0,0.0,0.13,0.0,0.03,18.64,100.0,1.73,336.3,863.27,0.1
2024-09-04 02:00:00,0.0,0.0,0.0,0.01,0.0,0.02,18.78,100.0,0.28,318.1,863.23,0.1
2024-09-04 02:10:00,0.0,0.0,0.01,0.01,0.0,0.03,18.84,100.0,0.18,21.7,863.25,0.2
2024-09-04 02:20:00,0.0,0.0,0.01,0.0,0.0,0.02,18.88,100.0,0.0,351.2,863.25,0.1
2024-09-04 02:30:00,0.0,0.0,0.0,0.19,0.0,0.02,18.9,100.0,0.2,281.4,863.14,0.0
2024-09-04 02:40:00,0.0,0.06,0.19,1.01,0.0,0.04,19.01,100.0,0.87,316.5,862.97,0.0
2024-09-04 02:50:00,0.0,0.16,0.46,0.57,0.0,0.03,19.08,100.0,0.34,210.7,862.94,0.0
2024-09-04 03:00:00,0.0,0.17,0.01,0.0,0.0,0.03,19.01,100.0,2.51,230.7,862.82,0.0
2024-09-04 03:10:00,0.0,0.17,0.0,0.0,0.0,0.07,18.91,100.0,1.93,262.5,862.74,0.0
2024-09-04 03:20:00,0.0,0.14,0.0,0.0,0.0,0.02,18.78,100.0,1.35,243.4,862.82,0.0
2024-09-04 03:30:00,0.0,0.02,0.0,0.0,0.0,0.02,18.72,100.0,0.89,214.0,862.88,0.0
2024-09-04 03:40:00,0.0,0.0,0.0,0.0,0.0,0.05,18.69,100.0,1.17,176.7,862.99,0.0
2024-09-04 03:50:00,0.0,0.0,0.0,0.0,0.0,0.04,18.53,100.0,1.89,187.7,863.0,0.0
2024-09-04 04:00:00,0.0,0.0,0.0,0.0,0.0,0.03,18.47,100.0,0.67,143.0,863.06,0.0
2024-09-04 04:10:00,0.0,0.0,0.0,0.0,0.0,0.04,18.49,100.0,0.69,128.5,863.18,0.0
2024-09-04 04:20:00,0.0,0.0,0.0,0.0,0.0,0.04,18.48,100.0,0.33,48.38,863.07,0.0
2024-09-04 04:30:00,0.0,0.0,0.0,0.0,0.0,0.02,18.49,100.0,0.63,51.21,862.98,0.0
2024-09-04 04:40:00,0.0,0.0,0.0,0.0,0.0,0.05,18.45,100.0,0.6,91.0,862.99,0.0
2024-09-04 04:50:00,0.0,0.0,0.0,0.0,0.0,0.05,18.39,100.0,0.68,37.4,862.99,0.0
2024-09-04 05:00:00,0.0,0.0,0.0,0.0,0.0,0.02,18.35,100.0,0.49,120.4,863.09,0.0
2024-09-04 05:10:00,0.0,0.0,0.0,0.0,0.0,0.02,18.34,100.0,0.16,27.11,863.06,0.1
2024-09-04 05:20:00,0.0,0.0,0.0,0.0,0.0,0.04,18.28,100.0,0.48,29.13,863.05,0.0
2024-09-04 05:30:00,0.0,0.0,0.0,0.0,0.0,0.04,18.3,100.0,0.06,318.5,863.28,0.0
2024-09-04 05:40:00,0.0,0.0,0.0,0.0,0.0,0.06,18.25,100.0,1.13,333.2,863.42,0.0
2024-09-04 05:50:00,0.0,0.0,0.0,0.0,0.0,0.03,18.23,100.0,1.9,326.0,863.48,0.0
2024-09-04 06:00:00,0.0,0.0,0.0,0.0,0.0,0.07,18.2,100.0,2.0,342.4,863.51,0.0
2024-09-04 06:10:00,0.0,0.0,0.0,0.0,0.0,0.1,18.18,100.0,2.14,329.0,863.57,0.0
2024-09-04 06:20:00,0.0,0.56,0.45,0.02,0.0,0.15,18.17,100.0,2.24,329.8,863.7,0.0
2024-09-04 06:30:00,0.0,4.57,3.66,3.28,0.0,0.43,18.22,100.0,0.52,316.3,863.8,0.0
2024-09-04 06:40:00,4.17,15.58,12.84,14.42,0.0,1.2,18.27,100.0,0.04,24.62,863.88,0.0
2024-09-04 06:50:00,31.79,34.75,26.03,32.81,0.0,2.2,18.41,100.0,0.23,0.22,863.94,0.0
2024-09-04 07:00:00,90.6,63.75,41.41,58.49,0.0,3.64,18.68,100.0,0.09,50.24,864.09,0.0
2024-09-04 07:10:00,167.6,104.7,58.21,95.8,0.0,5.15,18.99,100.0,0.0,39.16,864.31,0.0
2024-09-04 07:20:00,230.1,143.2,72.3,137.7,0.01,7.14,19.5,100.0,0.0,326.8,864.39,0.0
2024-09-04 07:30:00,272.9,181.4,85.3,177.5,0.01,9.15,19.94,100.0,0.0,345.0,864.52,0.0
2024-09-04 07:40:00,313.8,217.7,93.0,215.9,0.01,11.34,20.29,100.0,0.0,351.5,864.61,0.0
2024-09-04 07:50:00,373.0,259.1,101.0,256.9,0.02,13.5,20.87,100.0,0.0,10.55,864.8,0.0
2024-09-04 08:00:00,312.1,261.3,111.6,259.6,0.02,15.31,21.33,100.0,0.07,25.69,864.96,0.0
2024-09-04 08:10:00,437.0,319.3,116.0,323.5,0.03,18.37,21.37,100.0,0.83,107.5,865.18,0.0
2024-09-04 08:20:00,570.0,376.4,108.4,382.9,0.03,21.37,21.78,89.9,1.19,41.73,865.29,0.0
2024-09-04 08:30:00,606.8,422.0,116.6,430.5,0.04,23.88,22.04,90.6,1.21,151.3,865.34,0.0
2024-09-04 08:40:00,698.7,486.7,142.7,493.4,0.05,27.23,22.76,89.9,1.39,165.7,865.53,0.0
2024-09-04 08:50:00,806.0,505.3,126.3,514.4,0.06,29.25,22.96,89.3,1.99,80.6,865.66,0.0
2024-09-04 09:00:00,724.2,538.5,120.2,549.5,0.06,31.87,23.14,85.9,1.46,178.7,865.64,0.0
2024-09-04 09:10:00,663.1,554.9,122.8,565.7,0.07,33.6,23.46,84.6,1.28,108.4,865.69,0.0
2024-09-04 09:20:00,679.6,595.8,128.1,607.6,0.08,36.23,23.59,84.5,1.01,175.7,865.76,0.0
2024-09-04 09:30:00,693.7,647.2,140.8,658.4,0.09,39.33,22.96,91.0,2.11,1.56,865.78,0.0
2024-09-04 09:40:00,719.5,686.4,142.4,699.4,0.1,42.09,22.95,87.9,1.62,1.58,865.85,0.0
2024-09-04 09:50:00,738.5,721.6,143.8,733.0,0.11,44.77,23.46,89.0,1.06,1.56,865.81,0.0
2024-09-04 10:00:00,711.6,728.6,147.1,739.2,0.12,45.77,23.45,87.0,1.83,1.57,865.75,0.0
2024-09-04 10:10:00,729.8,768.3,149.3,778.9,0.13,48.53,23.77,84.0,1.93,1.55,865.69,0.0
2024-09-04 10:20:00,724.3,776.1,143.5,785.3,0.14,50.0,23.58,85.1,1.6,1.56,865.65,0.0
2024-09-04 10:30:00,715.2,789.0,144.3,798.3,0.15,51.46,24.15,81.8,1.77,1.55,865.63,0.0
2024-09-04 10:40:00,717.7,818.0,152.3,825.0,0.16,53.48,24.28,81.2,1.79,1.57,865.69,0.0
2024-09-04 10:50:00,630.0,770.8,159.2,777.3,0.16,52.45,24.48,80.6,1.89,1.56,865.64,0.0
2024-09-04 11:00:00,767.2,909.0,162.6,913.0,0.18,58.91,24.41,81.4,1.54,1.57,865.51,0.0
2024-09-04 11:10:00,770.4,927.0,167.5,928.0,0.19,60.6,24.52,79.52,2.13,1.55,865.3,0.0
2024-09-04 11:20:00,639.9,858.0,184.8,861.0,0.19,57.77,24.64,79.83,1.95,1.58,865.25,0.0
2024-09-04 11:30:00,585.6,825.0,197.4,823.0,0.19,57.14,24.71,81.0,2.29,1.57,865.09,0.0
2024-09-04 11:40:00,757.6,953.0,166.9,942.0,0.21,62.89,24.35,80.8,1.24,1.58,864.9,0.0
2024-09-04 11:50:00,778.9,964.0,150.3,955.0,0.22,63.98,24.9,78.18,1.95,1.57,864.69,0.0
2024-09-04 12:00:00,691.3,891.0,158.5,883.0,0.21,60.94,25.51,76.79,0.86,1.56,864.52,0.0
2024-09-04 12:10:00,564.9,815.0,180.3,803.0,0.2,57.3,25.58,78.42,2.02,1.57,864.37,0.0
2024-09-04 12:20:00,654.1,887.0,164.7,869.0,0.21,61.19,25.65,76.69,1.71,1.56,864.22,0.0
2024-09-04 12:30:00,776.1,963.0,135.2,948.0,0.23,64.83,25.73,78.51,1.72,1.58,863.99,0.0
2024-09-04 12:40:00,822.0,996.0,119.2,976.0,0.23,66.2,25.68,74.93,2.91,1.55,863.65,0.0
2024-09-04 12:50:00,819.0,1012.0,128.8,991.0,0.23,67.46,25.63,75.79,2.5,1.59,863.35,0.0
2024-09-04 13:00:00,897.0,1058.0,118.8,1036.0,0.24,69.49,25.81,74.4,2.42,1.61,863.17,0.0
2024-09-04 13:10:00,825.0,999.0,129.3,970.0,0.23,66.73,26.06,74.85,2.09,1.56,862.93,0.0
2024-09-04 13:20:00,645.8,844.0,135.6,827.0,0.21,59.11,26.06,73.09,2.58,1.53,862.69,0.0
2024-09-04 13:30:00,875.0,1055.0,139.1,1031.0,0.23,67.69,26.28,74.85,1.93,1.58,862.58,0.0
2024-09-04 13:40:00,876.0,1083.0,170.9,1045.0,0.22,68.04,26.67,72.77,2.96,1.56,862.5,0.0
2024-09-04 13:50:00,875.0,1026.0,143.0,995.0,0.21,65.8,26.41,70.15,2.27,1.47,862.4,0.0
2024-09-04 14:00:00,864.0,988.0,124.1,960.0,0.21,63.88,26.35,66.43,3.41,1.61,862.24,0.0
2024-09-04 14:10:00,861.0,963.0,117.8,936.0,0.2,62.35,26.58,70.49,2.8,1.57,862.04,0.0
2024-09-04 14:20:00,862.0,951.0,120.3,921.0,0.19,61.46,26.93,66.3,2.44,1.6,861.71,0.0
2024-09-04 14:30:00,870.0,937.0,111.8,905.0,0.18,60.09,26.69,66.76,3.62,1.52,861.51,0.0
2024-09-04 14:40:00,876.0,909.0,101.7,877.0,0.17,58.07,26.64,67.17,2.05,1.57,861.32,0.0
2024-09-04 14:50:00,881.0,890.0,101.2,855.0,0.16,56.43,27.35,63.85,1.83,1.57,861.12,0.0
2024-09-04 15:00:00,875.0,854.0,104.8,832.0,0.15,54.63,27.55,64.18,1.74,1.61,860.86,0.0
2024-09-04 15:10:00,863.0,843.0,107.7,803.0,0.14,52.3,27.32,67.22,1.43,1.57,860.63,0.0
2024-09-04 15:20:00,836.0,810.0,117.1,768.6,0.13,49.65,27.45,66.46,1.84,1.6,860.54,0.0
2024-09-04 15:30:00,793.3,757.1,116.4,719.1,0.12,45.99,27.53,65.98,2.53,1.58,860.4,0.0
2024-09-04 15:40:00,740.0,697.7,116.4,659.1,0.1,42.04,27.49,65.85,1.67,1.57,860.28,0.0
2024-09-04 15:50:00,709.0,651.6,112.7,614.1,0.09,38.89,27.21,66.16,2.34,1.56,860.1,0.0
2024-09-04 16:00:00,726.5,633.7,108.6,595.6,0.08,36.66,27.2,66.6,1.08,1.56,859.87,0.0
2024-09-04 16:10:00,733.3,603.7,101.5,563.5,0.07,34.76,27.86,68.02,1.6,1.56,859.6,0.0
2024-09-04 16:20:00,706.3,553.1,91.6,514.3,0.06,31.35,27.61,66.91,2.13,1.59,859.37,0.0
2024-09-04 16:30:00,722.9,528.2,85.0,490.1,0.05,29.54,27.38,65.71,1.94,1.57,859.17,0.0
2024-09-04 16:40:00,710.1,490.9,84.2,450.6,0.05,27.15,27.82,68.57,1.41,1.58,859.0,0.0
2024-09-04 16:50:00,698.9,458.0,83.4,416.8,0.04,24.46,27.53,70.39,2.06,1.57,858.76,0.0
2024-09-04 17:00:00,651.5,405.9,80.9,366.1,0.03,21.32,27.39,71.96,2.3,1.57,858.71,0.0
2024-09-04 17:10:00,603.3,357.4,81.6,317.3,0.03,18.55,27.75,69.02,0.95,1.57,858.69,0.0
2024-09-04 17:20:00,517.1,302.4,80.9,264.2,0.02,15.72,27.65,71.55,1.64,1.53,858.63,0.0
2024-09-04 17:30:00,470.7,259.9,75.89,225.1,0.01,13.16,27.42,73.06,2.02,1.57,858.55,0.0
2024-09-04 17:40:00,440.7,221.8,68.85,188.2,0.01,10.84,26.77,75.21,2.63,224.6,858.48,0.0
2024-09-04 17:50:00,382.9,178.6,61.95,147.7,0.01,8.8,26.58,73.97,2.97,185.6,858.45,0.0
2024-09-04 18:00:00,320.3,139.0,54.44,112.1,0.01,6.89,26.19,75.41,2.94,229.5,858.43,0.0
2024-09-04 18:10:00,248.4,100.5,45.56,78.76,0.0,5.15,26.08,74.95,2.15,178.3,858.67,0.0
2024-09-04 18:20:00,187.4,71.77,38.24,53.62,0.0,3.61,26.01,75.44,2.11,188.7,858.82,0.0
2024-09-04 18:30:00,73.22,42.08,28.97,31.66,0.0,2.24,25.79,75.08,2.17,163.8,858.99,0.0
2024-09-04 18:40:00,0.2,13.84,11.2,11.16,0.0,1.13,25.52,76.71,2.5,160.3,859.1,0.0
2024-09-04 18:50:00,0.0,3.07,2.28,2.08,0.0,0.39,25.15,79.05,1.21,145.7,859.31,0.0
2024-09-04 19:00:00,0.0,0.01,0.0,0.0,0.0,0.08,25.01,77.5,1.75,149.3,859.47,0.0
2024-09-04 19:10:00,0.0,0.0,0.0,0.0,0.0,0.01,24.9,79.29,0.61,143.4,859.68,0.0
2024-09-04 19:20:00,0.0,0.0,0.0,0.0,0.0,0.0,24.47,84.6,0.32,322.1,859.86,0.0
2024-09-04 19:30:00,0.0,0.0,0.0,0.0,0.0,0.0,24.54,82.1,0.48,343.5,859.92,0.0
2024-09-04 19:40:00,0.0,0.0,0.0,0.0,0.0,0.0,24.54,85.7,0.97,342.4,860.22,0.0
2024-09-04 19:50:00,0.0,0.0,0.0,0.0,0.0,0.0,24.13,84.1,0.2,323.1,860.25,0.0
2024-09-04 20:00:00,0.07,0.0,0.0,0.0,0.0,0.0,24.18,86.3,0.25,156.3,860.42,0.0
2024-09-04 20:10:00,0.02,0.0,0.0,0.0,0.0,0.0,24.11,88.0,1.22,6.36,860.76,0.0
2024-09-04 20:20:00,0.0,0.0,0.0,0.0,0.0,0.0,24.14,86.9,0.29,16.73,860.89,0.0
2024-09-04 20:30:00,0.01,0.0,0.0,0.0,0.0,0.0,24.21,89.0,0.63,110.8,861.15,0.0
2024-09-04 20:40:00,0.11,0.0,0.0,0.0,0.0,0.0,24.04,85.8,0.21,83.0,861.45,0.0
2024-09-04 20:50:00,0.06,0.0,0.0,0.0,0.0,0.0,24.16,88.5,0.21,138.8,861.97,0.0
2024-09-04 21:00:00,0.0,0.0,0.0,0.0,0.0,0.0,24.07,87.7,0.52,317.4,862.22,0.0
2024-09-04 21:10:00,0.0,0.0,0.0,0.0,0.0,0.0,24.21,85.2,0.07,309.5,862.46,0.0
2024-09-04 21:20:00,0.0,0.0,0.0,0.0,0.0,0.0,24.59,83.1,0.52,10.26,862.64,0.0
2024-09-04 21:30:00,0.09,0.0,0.0,0.0,0.0,0.0,24.61,85.7,0.44,12.81,862.74,0.0
2024-09-04 21:40:00,0.01,0.0,0.0,0.0,0.0,0.0,24.46,84.4,1.16,44.42,862.89,0.0
2024-09-04 21:50:00,0.0,0.21,0.0,0.0,0.0,0.0,24.27,82.5,1.62,8.12,862.96,0.1
2024-09-04 22:00:00,0.11,1.54,0.0,0.04,0.0,0.0,23.15,88.8,1.33,294.3,863.01,0.6
2024-09-04 22:10:00,0.05,0.18,0.0,0.42,0.0,0.0,22.37,91.4,1.26,336.0,862.96,0.0
2024-09-04 22:20:00,0.08,0.17,0.0,0.36,0.0,0.0,22.15,94.9,0.48,0.15,863.01,0.0
2024-09-04 22:30:00,0.04,0.23,0.0,0.56,0.0,0.0,21.94,95.7,1.33,331.3,863.16,0.0
2024-09-04 22:40:00,0.01,0.02,0.0,0.3,0.0,0.0,21.65,96.2,1.19,313.7,863.19,0.0
2024-09-04 22:50:00,0.05,0.29,0.22,1.65,0.0,0.0,21.7,95.6,1.43,311.6,863.34,0.0
2024-09-04 23:00:00,0.07,0.52,0.37,1.59,0.0,0.0,21.86,92.7,0.93,22.76,863.6,0.0
2024-09-04 23:10:00,0.05,0.73,0.77,2.03,0.0,0.0,22.16,95.6,1.16,343.1,863.61,0.0
2024-09-04 23:20:00,0.01,0.16,0.12,0.66,0.0,0.01,21.82,98.1,1.02,330.4,863.51,0.0
2024-09-04 23:30:00,0.02,0.27,0.22,1.06,0.0,0.01,21.89,95.4,0.84,312.2,863.38,0.0
2024-09-04 23:40:00,0.01,0.28,0.25,0.66,0.0,0.01,22.07,97.6,1.49,327.0,863.21,0.0
2024-09-04 23:50:00,0.0,0.0,0.0,0.0,0.0,0.01,21.75,97.9,1.79,334.1,862.98,0.0
2024-09-05 00:00:00,0.0,0.03,0.0,0.02,0.0,0.01,21.75,96.9,1.02,164.6,862.84,0.0
2024-09-05 00:10:00,0.0,0.0,0.0,0.0,0.0,0.01,21.77,98.3,0.99,183.8,862.91,0.0
2024-09-05 00:20:00,0.0,0.0,0.0,0.0,0.0,0.01,21.78,97.8,0.08,311.2,862.92,0.0
2024-09-05 00:30:00,0.0,0.0,0.0,0.0,0.0,0.01,21.76,98.9,0.52,342.4,862.96,0.0
2024-09-05 00:40:00,0.0,0.06,0.0,0.26,0.0,0.01,21.66,98.2,0.4,330.1,863.04,0.0
2024-09-05 00:50:00,0.0,0.29,0.19,0.78,0.0,0.01,21.77,98.2,0.78,338.1,862.95,0.0
2024-09-05 01:00:00,0.0,0.23,0.13,0.47,0.0,0.01,21.8,98.3,0.83,351.5,863.0,0.0
2024-09-05 01:10:00,0.0,0.37,0.11,0.54,0.0,0.01,21.68,98.3,1.15,325.6,862.99,0.0
2024-09-05 01:20:00,0.0,0.2,0.06,0.21,0.0,0.01,21.67,98.5,1.06,342.6,862.83,0.0
2024-09-05 01:30:00,0.0,0.01,0.0,0.0,0.0,0.01,21.51,98.8,1.2,1.66,862.75,0.0
2024-09-05 01:40:00,0.0,0.0,0.0,0.0,0.0,0.01,21.53,99.3,0.71,339.6,862.73,0.0
2024-09-05 01:50:00,0.0,0.0,0.0,0.0,0.0,0.01,21.68,98.4,0.82,340.7,862.44,0.0
2024-09-05 02:00:00,0.0,0.0,0.0,0.0,0.0,0.01,21.75,99.2,0.67,341.7,862.29,0.0
2024-09-05 02:10:00,0.0,0.0,0.0,0.0,0.0,0.01,21.51,100.0,0.96,351.5,862.23,0.0
2024-09-05 02:20:00,0.0,0.0,0.0,0.0,0.0,0.01,21.43,100.0,0.02,343.6,862.19,0.0
2024-09-05 02:30:00,0.0,0.0,0.0,0.0,0.0,0.01,21.38,100.0,0.72,335.5,862.14,0.0
2024-09-05 02:40:00,0.0,0.0,0.0,0.0,0.0,0.01,21.37,100.0,0.33,153.9,862.13,0.0
2024-09-05 02:50:00,0.0,0.0,0.0,0.0,0.0,0.01,21.41,100.0,0.91,170.4,862.16,0.0
2024-09-05 03:00:00,0.0,0.0,0.0,0.0,0.0,0.02,21.39,100.0,0.23,189.6,862.15,0.0
2024-09-05 03:10:00,0.0,0.0,0.0,0.0,0.0,0.01,21.33,100.0,1.2,205.6,862.05,0.0
2024-09-05 03:20:00,0.0,0.0,0.0,0.0,0.0,0.02,21.16,100.0,0.8,202.8,862.18,0.0
2024-09-05 03:30:00,0.0,0.0,0.0,0.0,0.0,0.01,21.12,100.0,0.71,146.0,862.3,0.0
2024-09-05 03:40:00,0.0,0.0,0.0,0.0,0.0,0.02,21.07,100.0,0.0,146.1,862.28,0.0
2024-09-05 03:50:00,0.17,0.0,0.0,0.0,0.0,0.02,21.01,100.0,0.19,68.64,862.27,0.0
2024-09-05 04:00:00,0.5,0.0,0.0,0.0,0.0,0.01,20.92,100.0,0.17,127.2,862.34,0.0
2024-09-05 04:10:00,2.0,0.0,0.0,0.0,0.0,0.01,20.8,100.0,0.0,338.1,862.37,0.0
2024-09-05 04:20:00,1.78,0.0,0.0,0.0,0.0,0.01,20.83,100.0,0.51,37.2,862.36,0.0
2024-09-05 04:30:00,2.09,0.0,0.0,0.0,0.0,0.02,20.93,100.0,0.37,22.76,862.42,0.0
2024-09-05 04:40:00,2.29,0.0,0.0,0.0,0.0,0.02,20.95,100.0,0.0,22.89,862.6,0.0
2024-09-05 04:50:00,48.72,0.0,0.0,0.0,0.0,0.02,20.9,100.0,0.7,313.1,862.71,0.0
2024-09-05 05:00:00,49.52,0.0,0.0,0.0,0.0,0.01,21.08,99.7,0.18,339.8,862.74,0.0
2024-09-05 05:10:00,72.78,0.0,0.0,0.0,0.0,0.02,21.09,100.0,0.33,331.8,862.72,0.0
2024-09-05 05:20:00,73.46,0.0,0.0,0.0,0.0,0.02,21.13,100.0,0.19,6.8,862.85,0.0
2024-09-05 05:30:00,57.33,0.0,0.0,0.0,0.0,0.01,21.02,100.0,0.9,341.8,862.92,0.0
2024-09-05 05:40:00,109.8,0.0,0.0,0.0,0.0,0.02,20.89,100.0,0.88,316.5,862.99,0.0
2024-09-05 05:50:00,120.7,0.0,0.0,0.0,0.0,0.02,20.97,100.0,0.01,272.3,863.0,0.0
2024-09-05 06:00:00,130.9,0.0,0.0,0.0,0.0,0.03,21.05,100.0,0.11,272.3,863.17,0.0
2024-09-05 06:10:00,88.6,0.0,0.0,0.0,0.0,0.02,21.07,100.0,0.07,302.2,863.14,0.0
2024-09-05 06:20:00,82.5,0.18,0.18,0.18,0.0,0.06,21.09,99.7,0.9,336.4,863.13,0.0
2024-09-05 06:30:00,88.4,1.78,1.26,1.47,0.0,0.21,20.85,100.0,1.54,343.7,863.09,0.0
2024-09-05 06:40:00,96.9,6.66,5.47,6.53,0.0,0.63,20.83,100.0,1.38,345.1,863.15,0.0
2024-09-05 06:50:00,67.4,12.87,10.83,12.68,0.0,1.15,20.88,99.5,1.43,62.35,863.25,0.0
2024-09-05 07:00:00,58.86,20.88,17.92,20.63,0.0,1.78,21.08,98.9,0.09,35.66,863.42,0.0
2024-09-05 07:10:00,69.3,29.5,25.15,28.68,0.0,2.46,21.27,98.9,0.1,173.8,863.58,0.0
2024-09-05 07:20:00,71.74,37.04,31.42,36.9,0.0,2.82,21.42,98.3,0.82,170.0,863.68,0.0
2024-09-05 07:30:00,84.6,48.6,40.64,48.74,0.0,3.56,21.56,97.4,0.78,170.8,863.87,0.0
2024-09-05 07:40:00,86.9,51.46,43.06,54.51,0.01,3.79,21.53,98.2,1.71,162.6,864.18,0.0
2024-09-05 07:50:00,86.4,57.39,47.39,60.92,0.01,4.07,21.39,98.7,1.39,151.0,864.49,0.0
2024-09-05 08:00:00,89.5,89.3,74.02,93.6,0.01,5.99,21.42,98.5,0.63,151.6,864.66,0.0
2024-09-05 08:10:00,130.7,61.99,52.65,63.69,0.01,4.74,21.64,97.9,0.21,180.5,864.95,0.0
2024-09-05 08:20:00,303.2,72.68,60.98,71.81,0.01,5.51,21.65,96.5,0.26,193.6,865.05,0.0
2024-09-05 08:30:00,496.2,127.5,107.3,123.8,0.02,9.25,21.69,96.7,0.0,300.5,865.07,0.0
2024-09-05 08:40:00,866.0,150.6,128.6,145.8,0.02,10.54,21.87,96.0,0.2,287.7,865.05,0.0
2024-09-05 08:50:00,2287.0,325.2,241.4,317.7,0.04,19.19,22.36,93.6,0.38,279.3,864.98,0.0
2024-09-05 09:00:00,16.61,339.0,272.0,334.1,0.04,20.73,22.6,93.1,1.14,258.3,865.07,0.0
2024-09-05 09:10:00,14.33,342.3,270.9,347.2,0.04,21.47,22.94,90.8,0.71,294.8,865.18,0.0
2024-09-05 09:20:00,15.57,347.8,271.2,356.8,0.05,22.82,23.16,89.2,0.96,337.9,865.09,0.0
2024-09-05 09:30:00,6.2,331.3,273.8,327.6,0.05,23.56,23.15,88.6,0.63,332.5,865.07,0.0
2024-09-05 09:40:00,113.9,520.4,349.1,519.6,0.08,33.39,23.79,84.2,0.83,1.57,865.11,0.0
2024-09-05 09:50:00,121.5,482.6,314.0,483.0,0.08,31.81,24.5,82.5,0.38,1.54,865.14,0.0
2024-09-05 10:00:00,231.9,566.8,302.9,568.7,0.09,36.37,25.34,78.97,0.31,1.55,865.1,0.0
2024-09-05 10:10:00,421.8,780.8,355.6,782.8,0.12,46.87,26.41,73.18,0.88,1.54,865.19,0.0
2024-09-05 10:20:00,355.9,670.3,301.1,674.4,0.11,42.37,26.53,71.56,1.43,1.57,865.16,0.0
2024-09-05 10:30:00,451.4,802.0,341.2,803.0,0.13,48.76,26.89,68.3,0.63,1.57,865.11,0.0
2024-09-05 10:40:00,380.4,768.3,356.6,766.9,0.13,47.16,27.3,68.81,1.66,1.56,864.98,0.0
2024-09-05 10:50:00,24.3,357.0,273.2,356.2,0.08,26.48,26.53,70.91,1.24,1.56,864.98,0.1
